open,prediction
3.87,3.6711228
3.86,3.460612
3.93,3.6054456
3.9,3.6341677
3.99,3.666827
3.99,3.7418349
4.01,3.718542
4.04,3.6373444
4.09,3.666464
4.1,3.622268
4.08,3.569982
4.15,3.6194115
4.12,3.583718
4.08,3.4581573
3.98,3.5996928
4.0,3.5767112
4.01,3.3372488
3.92,3.5415382
3.93,3.4852524
3.92,3.6104097
3.97,3.7481425
3.96,3.665262
3.94,3.648018
4.02,3.646332
4.11,3.8666203
4.09,4.063502
4.12,3.8008764
4.13,3.7275994
4.14,3.783487
4.17,3.6666133
4.33,3.6551166
4.1,3.6313374
4.05,3.5340166
3.93,3.5367312
3.85,3.5371735
3.85,3.6751988
3.89,3.7215524
3.74,3.5531874
3.8,3.54487
3.9,3.613881
3.93,3.697382
4.01,3.643955
3.95,3.6526828
3.93,3.5706937
3.86,3.7073667
3.86,3.804721
3.96,3.746532
3.99,3.6666114
4.0,3.6440296
4.01,3.7778735
4.12,3.737055
4.14,3.7509828
4.01,3.7417517
3.99,3.7578588
4.06,3.809437
4.01,3.8688955
4.04,3.744604
4.04,3.8428025
4.1,3.7975051
4.14,3.7736933
4.18,3.880098
4.14,3.814619
4.15,3.9062035
4.18,3.9929101
4.14,3.9169853
4.21,3.818464
4.13,3.8740208
4.24,3.930511
4.19,3.822534
4.15,3.7901678
4.17,3.8442957
4.17,3.8079083
4.21,4.0460324
4.19,4.1546035
4.13,4.337298
4.16,4.341455
4.1,4.450945
4.47,4.4519143
4.61,4.4495087
4.72,4.439401
4.81,4.467098
4.92,4.3470235
4.97,4.4705105
4.96,4.4921823
4.9,4.354447
4.98,4.424628
4.87,4.547135
4.85,4.6238136
4.88,4.6614394
4.84,4.6500435
4.85,4.4505186
4.98,4.570349
4.93,4.6009746
4.95,4.5550632
4.89,4.6575346
4.88,4.68972
5.0,4.7120886
5.05,4.63929
5.04,4.694496
5.03,4.6830344
5.11,4.83667
5.08,4.7240057
5.07,4.7599525
5.05,4.74458
5.13,4.9184246
5.08,4.7491393
5.15,4.982432
5.15,4.9614973
5.25,5.11303
5.35,5.132103
5.28,5.1482034
5.4,5.123839
5.47,5.0969667
5.53,5.240483
5.6,5.2206497
5.59,5.2352943
5.55,5.2370753
5.57,5.1356745
5.67,5.0993114
5.72,5.3082657
5.75,5.36324
5.71,5.3333387
5.5,5.3629923
5.49,5.112543
5.71,4.812778
5.77,4.859543
5.87,4.8203073
5.75,4.8153462
5.64,4.8256345
5.29,4.937956
5.2,4.8573256
5.15,4.705503
5.17,4.6674876
5.26,4.649216
5.4,4.6253023
5.19,4.7162247
5.12,4.5040674
5.12,4.4788604
5.0,4.610542
4.97,4.5423346
4.94,4.575188
4.92,4.5902176
4.89,4.631931
4.94,4.618569
4.93,4.5013685
4.96,4.5449147
5.01,4.4261723
5.04,4.442476
4.85,4.543013
4.79,4.5106387
4.84,4.5174117
4.72,4.3898373
4.71,4.461427
4.76,4.5179553
4.91,4.677786
4.9,4.5781207
4.8,4.7063622
4.76,4.7041607
4.89,4.67793
4.98,4.7814994
4.92,4.699431
5.15,4.822152
5.18,4.843384
5.15,4.9975414
5.18,5.009385
5.1,5.0983615
5.3,5.1568923
5.27,5.210456
5.36,4.9983163
5.46,4.958864
5.57,4.9328766
5.58,4.8914537
5.57,5.039536
5.43,4.8908873
5.37,4.860578
5.29,5.0309315
5.22,4.787206
5.38,4.780391
5.31,4.7672315
5.2,4.7863374
5.41,4.731998
5.2,4.92275
5.14,4.9347653
5.11,5.0336494
5.24,4.9784474
5.1,4.8985133
5.34,5.182681
5.39,4.658385
5.35,4.494247
5.42,4.387727
5.43,4.3338633
5.45,4.291229
5.08,4.423665
4.78,4.6118097
4.68,4.5776243
4.55,4.6324644
4.56,4.791746
4.8,4.7339015
5.06,4.90064
5.08,4.7650347
5.08,4.810485
5.17,4.5593476
5.17,4.6311026
5.3,4.502259
5.18,4.6431184
5.14,4.3352594
5.0,4.4301386
4.92,4.364116
4.85,4.4412007
4.9,4.6800747
4.61,4.572487
4.69,4.654234
4.75,4.9456196
4.89,4.6946845
5.04,4.701082
5.06,4.677381
5.1,4.6208196
5.39,4.6211057
5.05,4.9021993
4.99,4.9210296
4.99,5.0564804
4.94,5.111522
5.01,5.1548734
5.32,5.3768387
5.31,5.216901
5.55,5.1456237
5.5,5.268928
5.75,5.3009133
5.68,5.7772827
5.58,5.8312445
5.53,5.743682
5.69,5.8155575
5.75,5.8542423
6.22,6.1318803
6.25,6.040136
6.0,6.156354
6.2,6.1846786
6.29,6.2574363
6.73,6.3209968
6.8,5.846968
6.48,5.457227
6.69,5.680143
6.85,5.658577
6.99,5.8222294
6.13,5.9374447
5.92,5.985085
6.03,6.139695
6.15,5.852299
6.21,6.055584
6.3,6.485472
6.44,6.718733
6.46,6.5837464
6.4,6.5843782
6.64,6.4941683
7.11,6.3016124
7.31,6.7960224
7.11,6.7129717
7.25,6.628515
7.0,5.954189
6.9,5.7877555
7.4,5.595466
7.26,5.590961
7.07,5.612062
6.3,5.9247684
6.1,5.523859
5.78,5.1640406
6.0,5.619423
6.0,5.146124
6.4,5.2334294
5.95,4.6993237
5.4,4.316592
6.13,3.8188107
5.4,3.7110796
5.57,3.5746703
4.98,3.5521245
4.38,3.4834871
3.8,3.3402312
3.7,3.3846664
3.66,3.3812246
3.59,3.233384
3.58,3.3652587
3.47,3.37515
3.5,3.3655932
3.45,3.3098085
3.46,3.3049023
3.52,3.3617527
3.49,3.3300188
3.52,3.310163
3.51,3.2973216
3.45,3.4081604
3.51,3.312619
3.45,3.2039738
3.52,3.239639
3.47,3.1181676
3.47,3.201256
3.35,3.2465823
3.34,3.128147
3.34,3.1148517
3.32,3.2376993
3.35,3.179805
3.34,3.1263783
3.3,3.0161622
3.28,3.1228373
3.44,3.0625315
3.36,3.0343404
3.24,3.1065278
3.14,3.0489652
3.22,3.0230398
3.18,2.9654236
3.21,2.945766
3.23,2.9216168
3.11,2.911693
3.12,2.9174242
3.04,2.8250105
3.11,2.8083715
3.05,2.7827473
3.09,3.1173556
3.07,3.1453574
2.99,3.2007143
2.8,3.5212054
2.97,3.5002298
3.27,3.574024
3.4,3.6836574
3.61,3.600553
3.75,3.5524642
3.72,3.507397
3.82,3.7089434
3.81,3.5957403
3.81,3.5420258
3.72,3.4227107
3.69,3.5476792
3.89,3.5926526
3.79,3.6147416
3.76,3.7162676
3.74,3.6691082
3.75,3.6656828
3.78,3.7591116
3.79,3.5905068
3.84,3.6542928
3.82,3.6790993
3.9,3.6974192
3.91,3.6500826
3.91,3.4406915
3.89,3.704581
3.85,3.7375526
3.83,3.802656
3.84,3.7703567
3.67,3.6920323
3.91,3.944345
3.91,3.9477117
3.91,3.863322
3.95,4.0024014
3.99,3.957179
4.16,3.9751718
4.21,3.952251
4.2,3.9966536
4.25,3.964941
4.17,4.0131598
4.21,3.8547323
4.16,3.8854656
4.18,3.6924543
4.23,3.6765394
4.25,3.579023
4.16,3.6581492
4.02,3.6153057
3.89,3.7104979
3.83,3.7528536
3.72,3.6079032
3.71,3.6478922
3.77,3.6259325
3.86,3.5880573
3.86,3.5564034
3.86,3.4964805
3.78,3.6511986
3.72,3.5900378
3.7,3.4859893
3.76,3.6658697
3.74,3.8065157
3.85,3.7864618
3.85,3.7395968
3.88,3.8903823
3.94,3.886823
4.04,4.0359416
4.03,4.108356
4.06,4.1208572
4.14,4.090847
4.25,4.0364604
4.42,4.063694
4.42,3.7285244
4.39,3.4953697
4.35,3.389352
4.26,3.4846697
4.3,3.4256017
3.93,3.3866765
3.54,3.4889395
3.51,3.522453
3.53,3.4878633
3.54,3.38668
3.54,3.560582
3.65,3.630342
3.7,3.6386812
3.68,3.7401724
3.63,3.6032069
3.82,3.5773442
3.93,3.5931952
3.9,3.5851321
3.94,3.6056802
3.82,3.557852
3.73,3.5047464
3.86,3.5690777
3.86,3.555471
3.9,3.6001282
3.84,3.530094
3.76,3.5307324
3.73,3.566148
3.76,3.6826937
3.77,3.4955604
3.77,3.5289783
3.76,3.3280087
3.76,3.2091095
3.9,3.3245823
3.67,3.248603
3.59,3.2373834
3.52,3.318973
3.49,3.3991587
3.46,3.3472347
3.38,3.5281157
3.47,3.5650527
3.5,3.5155125
3.59,3.7329438
3.6,3.582289
3.72,3.5484436
3.78,3.7133763
3.78,3.7679288
3.93,3.6533134
3.88,3.8337276
3.75,3.8172114
3.95,3.9492085
4.05,3.679418
3.81,3.7161517
4.14,3.9256856
4.12,3.740836
4.14,3.813381
3.93,3.7567778
4.02,3.905915
4.13,3.8250368
4.05,3.9749362
4.02,4.0199146
3.95,4.245179
4.04,4.5098863
4.09,4.1574016
4.35,4.4726405
4.32,4.1828413
4.65,4.211448
4.9,4.4011946
4.5,4.292773
4.89,3.892032
4.49,4.2037506
4.4,4.245741
4.7,4.2021074
4.55,4.511459
4.15,4.438529
4.5,4.436344
4.62,4.546757
4.45,4.570281
4.81,4.538195
4.83,4.260537
4.82,4.1440187
4.87,4.136288
4.96,4.669327
4.9,3.8419766
4.53,4.126711
4.41,3.8735495
4.4,3.86482
4.89,3.949667
4.13,3.5208447
4.37,3.4011812
4.04,3.0922475
4.04,3.0810444
4.2,3.0483282
3.75,3.0334404
3.5,2.9333344
3.06,2.7448869
3.07,2.7845702
3.11,2.767663
3.19,2.7746477
3.23,2.859421
2.9,2.6232338
2.91,2.6342783
2.95,2.6733518
2.99,2.5547812
3.11,2.6078098
2.8,2.6422608
2.76,2.6012511
2.73,2.6072776
2.81,2.714304
2.86,2.6248567
2.81,2.580556
2.71,2.535832
2.71,2.3725245
2.89,2.2927797
2.81,2.4671068
2.8,2.456045
2.58,2.4680312
2.52,2.355103
2.5,2.5614665
2.55,2.35154
2.58,2.1882565
2.47,2.157695
2.48,2.0389447
2.48,2.1888437
2.42,2.2756808
2.3,2.0737689
2.32,2.1346045
2.28,2.1769109
2.3,2.2407248
2.25,2.2152195
2.23,2.0910928
2.29,2.2653496
2.28,2.2902696
2.32,2.1327348
2.37,2.1752658
2.31,2.103125
2.33,2.1342177
2.4,2.088601
2.19,2.0761518
2.19,2.1405947
2.2,2.0846882
2.2,2.1232493
2.21,2.0928788
2.26,2.1909473
2.27,2.1865773
2.32,2.1986253
2.22,2.2599046
2.25,2.1853352
2.31,2.2081795
2.31,2.174215
2.3,2.205266
2.33,2.2192266
2.32,2.1676211
2.33,2.321296
2.35,2.2226567
2.34,2.0370703
2.33,2.2691844
2.33,2.2832668
2.33,2.4443393
2.32,2.3129518
2.36,2.4414556
2.43,2.3721108
2.47,2.4496086
2.51,2.4442222
2.56,2.3599987
2.61,2.2121556
2.61,2.2428398
2.67,2.262575
2.57,2.1437001
2.43,2.350853
2.24,2.127723
2.27,2.2587943
2.31,2.1649032
2.27,2.0997884
2.35,2.196245
2.35,2.2001064
2.34,2.2148201
2.32,2.2204459
2.32,2.1762936
2.34,2.2798595
2.37,2.1669662
2.39,2.1927817
2.4,2.1339865
2.28,2.1302412
2.36,2.0781338
2.34,2.1251302
2.31,2.1728866
2.29,2.01493
2.23,2.0404623
2.19,2.0368073
2.21,2.0841737
2.19,2.1317992
2.22,2.1902556
2.22,2.1231399
2.2,2.103288
2.19,2.3066127
2.18,2.2123175
2.21,2.1115165
2.3,2.1705527
2.25,2.2657707
2.25,2.2363594
2.29,2.156021
2.31,2.163186
2.35,2.2097807
2.3,2.1292124
2.3,2.2165072
2.23,2.1643007
2.21,2.2267864
2.24,2.169704
2.3,2.1613095
2.32,2.0835116
2.34,2.2280455
2.25,2.1386192
2.25,2.1481345
2.16,2.0991004
2.18,2.0975854
2.32,2.0536478
2.29,1.8956679
2.32,1.9184293
2.2,1.8709843
2.1,1.8817881
2.1,1.8798239
1.96,1.8848445
1.91,1.8557377
1.91,1.8919075
1.91,1.9330175
1.94,1.9405392
1.94,1.8792791
1.95,1.9797196
1.95,1.7961488
2.01,1.9800526
2.01,1.9932183
2.04,1.9960215
2.02,2.0345604
2.07,1.9773035
2.1,1.9388744
2.07,2.0498464
2.07,2.0389895
2.09,2.0074255
2.07,2.064817
2.08,2.058719
2.07,2.0556538
2.09,2.069127
2.06,2.1156478
2.16,2.0466094
2.19,2.1211843
2.18,2.1097026
2.21,2.1330032
2.19,2.1234155
2.16,2.0645483
2.19,2.264595
2.18,2.103857
2.23,2.1514735
2.25,2.1288593
2.17,2.168662
2.22,2.0375588
2.2,2.1195712
2.31,2.0737631
2.28,2.1070032
2.28,2.3699095
2.19,2.322798
2.19,2.0865295
2.2,2.2346008
2.25,2.1663506
2.29,2.2156272
2.27,2.279531
2.32,2.2379906
2.32,2.2220259
2.4,2.25222
2.39,2.2579627
2.45,2.2629988
2.42,2.3516953
2.39,2.372077
2.43,2.2554486
2.42,2.2775257
2.47,2.2840214
2.62,2.3476782
2.46,2.234065
2.44,2.2046108
2.4,2.177373
2.45,2.0552392
2.37,2.0232713
2.4,2.0773897
2.37,2.030188
2.19,1.9651401
2.12,1.9617717
2.06,2.0176907
2.09,1.936801
2.06,1.9415284
2.05,2.0401642
2.03,1.9840703
2.04,2.03116
2.0,1.9867628
1.99,2.013187
2.04,2.0310838
2.04,1.9242775
2.06,2.0270588
2.04,1.9011648
2.03,2.148947
2.04,1.990399
2.05,1.9974624
2.07,2.093441
2.06,2.0646365
2.08,2.0127459
2.08,2.1474974
2.08,2.0821016
2.11,2.037603
2.14,2.10565
2.1,1.991547
2.08,2.0834153
2.08,2.024134
2.1,2.1753364
2.1,2.1349974
2.09,2.078459
2.12,2.111141
2.13,2.056918
2.14,2.1205053
2.17,2.0515413
2.14,2.1465023
2.15,2.153186
2.14,2.1318123
2.16,2.095448
2.17,2.1311262
2.15,2.0355637
2.31,2.0221584
2.19,2.0593793
2.13,2.120714
2.13,2.1293485
2.14,2.0383804
2.16,2.0980723
2.17,2.1326702
2.18,2.0259106
2.19,2.1187134
2.16,2.1480982
2.16,2.1431468
2.18,2.1998224
2.22,2.1026046
2.21,2.1533923
2.22,2.1749501
2.23,2.06769
2.28,2.166079
2.26,2.1483457
2.24,2.0737906
2.23,2.2468905
2.22,2.0969357
2.21,2.2072532
2.31,2.1747026
2.29,2.1393778
2.36,2.1507196
2.28,2.1522279
2.29,2.030581
2.26,2.0724397
2.2,2.0872371
2.2,2.1155746
2.23,2.1287453
2.21,2.1777833
2.17,2.194222
2.15,2.1863842
2.23,2.208595
2.24,2.1447842
2.29,2.1913064
2.27,2.005312
2.17,2.2314854
2.18,2.287048
2.26,2.1951082
2.35,2.181476
2.37,2.1544178
2.28,2.1313944
2.42,2.012959
2.37,2.009483
2.26,1.9964563
2.32,1.9445705
2.16,1.8735137
2.07,1.960477
2.03,1.9720474
2.02,2.0220945
2.01,2.0145292
2.03,1.9976523
2.03,1.946891
2.05,1.9546671
2.07,1.9135416
2.09,1.9715828
2.03,1.9699538
2.02,1.9747415
2.0,1.981759
2.03,2.01541
1.98,1.962454
2.02,2.0369565
2.05,1.9695455
2.07,1.9101425
2.01,1.8595543
2.0,1.8807951
1.99,1.8615949
2.02,1.748165
1.99,1.8371149
1.95,1.8725477
1.93,1.820934
1.93,1.8967521
1.93,1.9669648
1.9,1.9450994
1.91,1.9104316
1.96,1.9397867
1.98,1.9276218
2.0,1.9424781
2.04,1.942437
2.0,1.9284599
2.0,2.0179458
2.02,2.003763
2.02,1.9624608
2.06,1.9069579
2.07,1.8829488
2.04,1.977863
2.03,1.9554646
1.99,2.0268414
1.96,2.0543497
1.95,2.0146878
2.05,2.0276606
2.1,2.0111446
2.13,2.153748
2.13,2.0260668
2.12,2.111324
2.16,2.1029766
2.19,2.160678
2.19,2.1997013
2.18,2.1846366
2.22,2.121776
2.21,2.0960066
2.22,2.196652
2.26,2.089445
2.26,2.1082022
2.23,2.1071754
2.21,2.0988307
2.22,2.1356952
2.18,2.1181045
2.22,2.06105
2.23,2.2118118
2.22,2.1267695
2.26,2.0989182
2.27,2.1849558
2.3,2.1008174
2.24,2.2601554
2.23,2.2352092
2.24,2.14749
2.21,2.2009168
2.26,2.2412794
2.25,2.3276827
2.34,2.351131
2.21,2.3056905
2.37,2.366681
2.46,2.5122027
2.37,2.4357843
2.49,2.3161075
2.56,2.3400059
2.52,2.3514464
2.44,2.363515
2.51,2.4680176
2.4,2.3234642
2.45,2.4794636
2.57,2.4238567
2.55,2.4322233
2.56,2.3846333
2.6,2.5137155
2.59,2.2938595
2.6,2.2165642
2.57,2.232743
2.57,2.2512531
2.58,2.2068334
2.35,2.1477191
2.35,2.000205
2.34,2.1707222
2.3,2.0819893
2.25,2.145727
2.27,2.417729
2.29,2.3543973
2.23,2.4314568
2.12,2.5763226
2.36,2.6564152
2.69,2.690765
2.7,2.7342534
2.76,2.727288
2.8,2.6704683
2.82,2.7203937
2.85,2.7206528
2.9,2.7257688
2.89,2.7134416
2.87,2.7466323
2.92,2.7413962
2.92,2.8219528
2.95,2.7912884
2.94,2.7424355
2.92,2.667514
2.94,2.7414265
2.93,2.7009392
2.94,2.6299171
2.92,2.6048157
2.88,2.7583802
2.88,2.7037055
2.89,2.6929297
2.8,2.6131592
2.89,2.6384852
2.91,2.6082678
2.91,2.6467867
2.9,2.6748452
2.87,2.652356
2.88,2.680153
2.89,2.6474493
2.88,2.6539881
2.86,2.6492832
2.82,2.773245
2.81,2.5659118
2.82,2.652649
2.78,2.64574
2.75,2.5936193
2.77,2.571126
2.78,2.6527812
2.77,2.6002324
2.77,2.5778146
2.82,2.573496
2.8,2.3841846
2.72,2.5132744
2.73,2.6461277
2.72,2.5742936
2.69,2.6284025
2.67,2.8273087
2.7,2.6245117
2.73,2.6647923
2.78,2.6663501
2.84,2.7221725
2.81,2.7472456
2.84,2.7346141
2.85,2.6530213
2.84,2.6280763
2.85,2.7320728
2.84,2.72523
2.84,2.7629528
2.83,2.7834394
2.83,2.7372808
2.85,2.7906199
2.9,2.7383401
2.9,2.828456
2.85,2.7530084
2.84,2.65761
2.87,2.6702206
2.89,2.8121512
2.94,2.777318
2.92,2.8267038
2.82,2.8272808
2.88,2.744404
2.89,2.9156904
2.89,2.8564677
2.94,2.7564278
2.98,2.9727793
2.98,2.9195695
2.99,2.9151525
3.01,2.9700644
3.01,2.9128847
3.06,2.9720187
3.03,3.0365956
3.03,2.9385166
3.06,2.9908867
3.07,2.9567828
3.06,3.0507193
3.06,3.1061757
3.13,3.0650637
3.15,3.1264768
3.13,3.1085722
3.15,2.9732766
3.15,3.0759804
3.16,3.1011746
3.14,3.0161467
3.15,3.0242984
3.08,3.019807
3.08,2.9424224
3.04,2.9636176
3.07,2.8989189
3.08,3.097376
3.08,2.972841
3.06,2.9971128
3.03,3.0757728
3.11,3.040517
3.1,2.9495032
3.12,3.0769253
3.13,3.0966737
3.1,3.0569324
3.1,3.101514
3.07,3.0901227
3.12,3.053228
3.11,3.1635854
3.1,3.2524712
3.18,3.130968
3.22,3.2623732
3.15,3.193947
3.2,3.2569156
3.27,3.2062657
3.24,3.218751
3.34,3.1702282
3.36,3.2774918
3.33,3.159847
3.29,3.2872915
3.3,3.2426736
3.3,3.2012546
3.29,3.1470363
3.26,3.2380095
3.34,3.2099986
3.29,3.2384574
3.3,3.2135613
3.35,3.2543368
3.32,3.1880872
3.31,3.3032427
3.27,3.2979672
3.28,3.2800765
3.3,3.3543446
3.29,3.3875868
3.39,3.3132622
3.41,3.3943908
3.42,3.3741693
3.47,3.349052
3.47,3.4187975
3.44,3.3217266
3.43,3.3606195
3.43,3.3410122
3.42,3.4429424
3.51,3.4628224
3.49,3.421824
3.51,3.467995
3.49,3.318436
3.55,3.3265016
3.65,3.233104
3.5,3.195501
3.52,3.232973
3.37,3.1584542
3.32,3.1839087
3.24,3.3239787
3.22,3.1420114
3.25,3.1387815
3.29,3.0793738
3.32,3.0466201
3.32,3.0193162
3.31,2.973421
3.26,3.0906687
3.22,3.2761383
3.25,3.0078392
3.19,3.107809
3.21,3.119827
3.29,3.1892838
3.34,3.1518629
3.25,3.019799
3.26,3.1857605
3.39,3.1399755
3.34,3.1752129
3.34,3.154617
3.25,3.2603493
3.31,3.2304788
3.33,3.231832
3.3,3.3637798
3.32,3.3496177
3.35,3.4132214
3.49,3.326701
3.49,3.4782476
3.58,3.39929
3.63,3.4915514
3.8,3.3926737
3.74,3.471495
3.78,3.3895671
3.9,3.5524683
3.77,3.476296
3.77,3.4662614
3.79,3.4392152
3.72,3.4549558
3.86,3.4506552
3.79,3.3148525
3.86,3.4819186
3.82,3.575301
3.95,3.316823
3.91,3.2801783
3.79,3.3030791
3.83,3.313094
3.72,3.420023
3.59,3.4187858
3.5,3.452904
3.54,3.4101183
3.66,3.409526
3.8,3.44101
3.69,3.4242706
3.69,3.3163834
3.68,3.3898995
3.68,3.3203955
3.7,3.4064186
3.6,3.309583
3.57,3.4577265
3.61,3.7103343
3.71,3.346522
3.75,3.4312744
3.62,3.4841871
3.83,3.44362
3.83,3.3208444
3.68,3.3808868
3.64,3.3717115
3.7,3.240149
3.65,3.270264
3.65,3.2381592
3.65,3.0828218
3.65,3.2131224
3.51,3.1339788
3.45,3.1690435
3.51,3.342616
3.52,3.1458068
3.43,3.0557003
3.36,3.039696
3.34,2.9636078
3.37,3.0599291
3.29,3.1071265
3.28,3.0535467
3.24,3.0114567
3.17,3.0556328
3.3,2.9705203
3.29,3.0563018
3.26,3.3051834
3.27,3.1256642
3.26,3.1395695
3.3,3.2354715
3.38,3.109606
3.45,3.0110657
3.38,2.9139247
3.26,2.8942745
3.31,2.865679
3.29,2.9558458
3.26,2.898739
3.09,2.9342375
3.07,2.9350064
3.11,2.9317265
3.14,2.9609065
3.17,2.8991077
3.18,2.9042823
3.06,2.958436
2.99,2.9284568
3.01,3.0274625
3.01,3.0161684
3.13,3.0146725
3.1,2.929831
3.14,2.7505746
3.21,2.9252677
3.23,3.115475
3.2,3.0575168
3.13,3.0716677
3.1,3.054288
3.15,2.9667258
3.3,3.1401036
3.28,3.13076
3.3,3.1817095
3.3,3.3408887
3.33,3.2445736
3.34,3.2542617
3.41,3.2190614
3.42,3.1126363
3.52,3.2053955
3.57,3.2423136
3.4,3.286499
3.47,3.1958632
3.37,3.1843204
3.39,3.4433665
3.45,3.3305798
3.65,3.3894246
3.74,3.3870351
3.64,3.5528898
3.81,3.2656896
3.78,3.5094209
3.84,3.4292424
3.82,3.590673
3.91,3.5755632
3.82,3.5935638
3.87,3.5585008
3.92,3.5127175
4.07,3.6335297
4.14,3.6026933
4.03,3.2457316
4.0,3.4354346
3.88,3.3886082
3.95,3.3576758
4.03,3.4258542
3.6,3.5116353
3.6,3.3336809
3.8,3.217465
3.8,3.251548
3.97,3.3931327
4.06,3.301602
3.75,3.6318605
3.49,3.5377488
3.53,3.5286803
3.65,3.847441
3.69,3.8545587
4.0,3.9464097
4.09,3.8254564
4.04,3.428445
4.41,3.4873617
4.37,3.5252523
4.45,3.5975788
4.3,3.419767
3.86,3.166302
3.79,3.073113
3.7,2.993368
3.7,2.87483
3.6,2.8286302
3.37,2.7510207
2.98,2.7047732
2.96,2.9420326
3.0,2.6981206
2.86,2.6991174
2.83,2.7239165
2.87,2.7675273
2.96,2.790976
2.83,2.7659147
2.87,2.8588433
2.96,3.0331063
2.96,3.1272202
3.03,3.172313
3.02,3.25326
3.23,2.9095294
3.36,2.9539974
3.56,2.925236
3.56,3.0052598
3.7,2.8775415
3.05,2.810724
2.93,2.697125
3.08,2.6088436
3.27,2.5725236
3.1,2.5218897
2.93,2.4634373
2.77,2.4336126
2.6,2.4948823
2.59,2.406257
2.58,2.4545302
2.49,2.4138436
2.44,2.491997
2.51,2.506798
2.52,2.4321227
2.51,2.4628816
2.56,2.4784334
2.55,2.4952695
2.56,2.4606962
2.6,2.5445287
2.61,2.4127512
2.57,2.4374378
2.56,2.4174998
2.56,2.3831072
2.54,2.6091611
2.55,2.5628664
2.53,2.4885178
2.51,2.6374145
2.53,2.4316316
2.55,2.467508
2.59,2.4219518
2.55,2.4615114
2.58,2.4070942
2.51,2.384467
2.45,2.378983
2.45,2.373273
2.45,2.4302387
2.45,2.4782321
2.46,2.3343918
2.43,2.3116775
2.42,2.4330459
2.4,2.4180465
2.44,2.3759742
2.42,2.3581285
2.44,2.2850587
2.44,2.2435935
2.45,2.3513656
2.33,2.377127
2.31,2.286981
2.3,2.2731059
2.3,2.2903876
2.3,2.3149369
2.28,2.3649993
2.27,2.418639
2.28,2.4732878
2.3,2.465464
2.31,2.4035864
2.33,2.4291382
2.32,2.7074761
2.33,2.475229
2.31,2.3894327
2.38,2.5431895
2.42,2.4781227
2.45,2.4731326
2.45,2.4480195
2.42,2.3989928
2.43,2.4266388
2.42,2.4966834
2.43,2.4821746
2.39,2.5146208
2.36,2.5315623
2.44,2.6277027
2.43,2.6307082
2.52,2.5142994
2.52,2.478856
2.54,2.5499308
2.57,2.522431
2.59,2.5216677
2.57,2.5341907
2.6,2.555164
2.61,2.6095057
2.58,2.6318188
2.57,2.6728504
2.61,2.5123937
2.61,2.8149052
2.7,2.5966349
2.69,2.689279
2.73,2.6644702
2.68,2.5539956
2.68,2.613765
2.67,2.6309872
2.71,2.5610144
2.68,2.6286776
2.7,2.661827
2.73,2.6996963
2.73,2.8074439
2.68,2.6106741
2.69,2.6955426
2.72,2.6460915
2.68,2.6383607
2.69,2.6258588
2.69,2.7088883
2.7,2.5761855
2.69,2.5169306
2.73,2.5296457
2.68,2.5487657
2.57,2.5506687
2.57,2.4778214
2.58,2.6175034
2.59,2.620446
2.56,2.5828428
2.56,2.5772145
2.54,2.6286187
2.6,2.5517788
2.61,2.7015722
2.68,2.5249093
2.69,2.4875827
2.65,2.523374
2.63,2.4998162
2.66,2.447944
2.51,2.4900239
2.51,2.4292057
2.52,2.4732728
2.53,2.4295745
2.5,2.5009062
2.51,2.455202
2.55,2.4969883
2.49,2.4536176
2.5,2.380622
2.53,2.4706159
2.55,2.4657283
2.45,2.4279041
2.53,2.4732184
2.38,2.469686
2.34,2.5772269
2.43,2.6372285
2.49,2.4611788
2.58,2.4474971
2.57,2.424997
2.72,2.486287
2.64,2.408579
2.51,2.3715723
2.4,2.3955455
2.44,2.4085534
2.45,2.3329308
2.42,2.3670423
2.33,2.4195442
2.42,2.3252373
2.46,2.492943
2.44,2.4814816
2.41,2.5476978
2.38,2.567945
2.47,2.5983531
2.48,2.650576
2.63,2.756606
2.78,2.6466053
2.83,2.8604136
2.83,3.0224953
2.83,3.0488439
3.01,3.1052227
3.06,3.038111
3.05,3.1477158
3.06,3.1938636
3.05,3.240584
3.07,3.2549095
3.22,3.2699447
3.23,3.2186112
3.22,3.1954503
3.26,3.1226962
3.33,3.156291
3.25,3.1591978
3.19,3.1557982
3.16,3.1029737
3.16,3.2857187
3.19,3.3939908
3.2,3.1447248
3.15,3.2046635
3.15,3.1803157
3.2,3.0999007
3.11,3.1446557
3.14,3.3095095
3.26,3.123872
3.18,3.2248812
3.31,3.0717673
3.33,3.1299517
3.39,3.163259
3.31,3.107029
3.18,3.0346394
3.12,3.0388398
3.12,3.1646068
3.23,3.4152842
3.22,3.252983
3.09,3.3083458
3.32,3.2893064
3.35,3.206414
3.69,3.1722202
3.48,3.242481
3.42,3.0363336
3.47,3.178456
3.35,3.1897883
3.2,2.99304
3.3,2.9462562
3.0,3.0244863
2.98,2.9418914
2.97,3.1229753
2.93,2.957921
2.84,2.9029288
2.81,2.9613216
2.85,2.7731616
2.82,2.8098538
2.77,2.8807924
2.58,3.0391061
2.7,2.7615962
2.6,2.9009366
2.58,2.9590797
2.53,3.0382273
2.66,2.9838214
2.61,2.950296
2.81,3.0296333
2.89,3.2609456
3.12,3.0149937
3.16,2.9683561
3.1,3.0447865
3.1,3.0085657
3.15,3.1233418
3.09,3.0382693
3.01,3.2548056
3.27,3.0793445
3.02,3.312499
3.35,3.0940309
3.39,3.1934266
3.58,3.3277473
3.58,3.2312834
3.75,3.456464
3.41,3.3634608
3.17,3.3520787
3.63,3.5449183
3.78,3.4147987
3.88,3.723085
3.89,3.5301375
4.0,3.6422951
4.09,3.3480263
4.12,3.2482326
4.44,3.1798193
4.25,3.163006
4.21,2.9763427
3.84,2.9922078
3.24,2.9781027
2.99,2.9479518
3.01,2.9428053
2.91,2.9074976
2.94,2.9859014
2.98,2.9793785
2.98,2.914105
3.01,2.9626303
3.05,3.072955
3.09,3.0465968
3.09,3.1300607
3.02,3.1193562
3.01,2.976178
3.0,3.1325364
3.18,3.0149577
3.17,3.0968578
3.16,3.038749
3.17,3.1629188
3.26,3.1723258
3.25,3.2743359
3.21,3.410319
3.26,3.209422
3.27,3.325381
3.15,3.2852142
3.31,3.4632945
3.33,3.245622
3.33,3.2921183
3.28,3.3047047
3.25,3.318857
3.23,3.207811
3.08,3.0183015
2.98,3.0530212
2.98,3.1160831
3.0,3.0367634
3.07,3.0769143
3.05,3.0902333
3.06,3.2405689
3.1,3.1642447
3.16,3.07261
3.11,3.292112
3.0,3.044522
3.27,3.0745003
3.26,3.118148
3.29,3.0639422
3.28,3.0588803
3.19,2.9887953
3.15,2.9101162
3.15,3.15543
3.09,2.9859862
3.03,3.132053
3.05,3.0183904
2.94,3.1166613
2.97,2.9483652
3.0,3.0902512
3.05,3.0923872
3.05,3.067291
3.08,3.0939195
3.1,3.1209545
3.02,3.2335198
3.05,3.1601408
3.1,3.2004662
2.89,3.1998193
3.05,3.1112275
3.42,3.0715647
3.36,3.1703093
3.44,3.2305217
3.35,3.3229313
3.22,3.2048256
3.17,3.1682734
3.15,3.403309
3.55,3.3559055
3.75,3.6598108
3.58,3.8312926
3.4,4.194545
3.6,3.7956202
3.65,4.0675716
4.25,3.800317
4.8,3.9518795
5.21,3.6610458
4.57,3.7793405
5.03,3.7579114
4.52,3.6414433
4.5,3.6352446
4.22,3.5427482
4.26,3.5774128
4.23,3.525505
4.1,3.3649244
4.04,3.3806822
3.99,3.6086102
4.16,3.5056305
4.12,3.3887246
3.79,3.6308346
3.76,3.7747025
3.9,3.5144176
3.71,3.6961353
3.54,3.5525613
4.06,3.640557
4.27,3.5437722
4.11,3.5294292
4.13,3.8068027
4.06,3.803032
4.15,3.603911
3.98,3.4286876
3.9,3.4173217
4.22,3.4103558
4.36,3.5319114
4.25,3.7113287
3.7,3.5665734
3.25,3.8884254
3.25,4.2353926
3.86,4.0603538
4.37,4.3148465
4.25,4.6379433
4.91,5.19675
5.28,5.4492774
5.0,5.13752
5.6,5.897531
5.8,5.8409295
6.3,5.9605293
6.04,5.900344
5.86,5.693944
6.4,5.5075407
6.54,5.3904862
6.26,5.5554876
6.3,5.4983325
6.25,5.1762857
5.86,4.5936947
5.7,4.371653
5.97,4.344795
5.97,4.4090934
5.43,4.332219
4.91,4.3892107
4.95,4.27575
4.81,4.1744843
4.9,4.1361585
5.07,3.9903991
5.13,4.187397
4.95,4.4953756
4.84,4.6734114
4.77,4.665844
4.55,4.6398115
4.93,4.8419137
5.21,5.0390687
5.55,4.99488
5.39,4.995835
5.47,4.835962
5.29,4.534286
5.77,4.2133355
5.6,4.17211
5.7,4.060996
5.04,3.9335983
4.9,3.873892
4.52,4.026092
4.5,3.833529
4.41,3.8511536
4.35,4.028591
4.59,4.0467095
4.59,4.0602875
4.53,3.811676
4.5,3.7233005
4.74,3.6882393
4.68,3.6592114
4.54,3.6241028
4.14,3.5235853
4.13,3.6051106
4.08,3.6364772
4.21,3.64062
4.1,3.4979014
4.08,3.5370097
4.11,3.5655577
4.24,3.2566135
4.07,3.3984952
3.84,3.1845853
3.77,3.1469073
3.85,3.1560571
3.42,3.098264
3.27,3.1331065
3.21,2.9959323
3.18,3.0528655
3.16,3.1025393
3.18,3.1142805
3.19,3.0893767
3.15,3.087765
3.14,3.1137004
3.16,3.096328
3.2,3.1127129
3.26,3.1582558
3.17,3.068419
3.14,3.0080292
3.09,2.9377735
3.14,2.9266524
3.08,2.8935122
3.04,2.9507082
2.96,2.948651
2.93,2.9770026
2.92,2.8959901
2.85,2.9845352
2.89,2.945231
3.0,3.095197
3.1,3.1321888
3.06,3.018731
3.05,3.150125
3.0,3.0807106
3.26,3.097499
3.2,3.0786574
3.28,2.9987307
3.33,2.9804468
3.28,3.0957427
3.33,3.2775931
3.27,3.073442
3.16,3.29467
3.11,3.1333878
3.29,3.2886984
3.41,3.2467413
3.32,3.6329255
3.41,3.3425236
3.4,3.4357347
3.58,3.3957727
3.64,3.2058709
3.75,3.244084
3.71,3.4569542
3.71,3.3909464
3.6,3.1805847
3.53,3.2338934
3.6,3.4806147
3.65,3.396083
3.59,3.3007073
3.4,3.2453084
3.47,3.3295035
3.72,3.3296084
3.72,3.3629236
3.42,3.4212587
3.43,3.4185545
3.49,3.2214582
3.46,3.1472661
3.43,3.1079314
3.53,3.1869683
3.35,3.1479142
3.17,3.144947
3.25,3.2386587
3.13,3.0875757
3.36,3.0461643
3.29,3.0449684
3.18,3.0347695
3.19,3.0861828
3.11,3.1390507
3.11,2.974483
3.09,2.8896396
3.1,2.9208808
3.08,3.105335
3.08,3.2117476
2.94,3.2170904
2.99,3.132887
2.98,3.2847068
3.04,3.2852333
3.12,3.086101
3.12,3.0435812
3.11,3.1119797
3.05,3.0512035
3.2,3.0260618
3.0,2.9287038
3.01,2.9502292
3.03,2.9690835
3.13,2.9081206
3.06,2.778002
2.93,2.791595
2.91,2.7481167
2.86,2.9274645
2.8,2.9379845
2.69,2.9828935
2.65,2.8894687
2.75,2.878027
2.9,2.9321585
2.9,2.8412218
2.89,2.729927
2.8,2.6409614
2.75,2.6300101
2.73,2.6192753
2.7,2.4296887
2.62,2.4219806
2.6,2.7886796
2.6,2.6749778
2.64,2.7324646
2.57,2.7028377
2.54,2.61269
2.71,2.6036708
2.7,2.5260508
2.69,2.4977088
2.68,2.488553
2.63,2.5774276
2.61,2.47695
2.57,2.4779105
2.65,2.3440776
2.57,2.349809
2.51,2.2392025
2.49,2.2673004
2.49,2.4175644
2.47,2.3296747
2.44,2.4902396
2.39,2.503808
2.36,2.4949439
2.36,2.5300744
2.39,2.496719
2.45,2.3809602
2.46,2.4632998
2.46,2.4825287
2.47,2.5148966
2.51,2.3713174
2.49,2.4871023
2.52,2.4978185
2.54,2.4124303
2.59,2.3419333
2.41,2.3230186
2.56,2.33047
2.61,2.3071625
2.37,2.287639
2.35,2.315188
2.3,2.326077
2.33,2.2441795
2.28,2.2134604
2.28,2.1485279
2.3,2.1434343
2.25,2.2015767
2.17,2.156982
2.13,2.1822426
2.12,2.1579108
2.09,2.036951
2.1,2.1045654
2.09,2.4247727
2.09,1.9209306
2.09,1.9684923
2.08,2.0694194
2.07,2.106728
2.06,2.1825025
2.05,2.1177704
2.06,2.0766017
2.07,2.01441
2.07,2.0713181
2.1,1.8675815
2.08,1.8878644
2.07,1.9865322
2.08,1.9814065
2.07,1.9880171
2.06,1.743354
2.04,2.142677
2.06,1.8421291
2.03,1.9847885
2.03,2.007636
2.0,1.92737
2.07,1.9858161
2.02,2.042551
2.03,1.9125947
2.04,1.8785073
2.02,2.0252087
2.02,2.0890684
2.03,2.1753983
2.02,2.0462482
2.03,2.0992496
2.04,2.0334978
2.03,1.9114877
2.08,2.0454302
2.07,2.1990519
2.05,1.9571207
2.08,2.0287898
2.07,2.051347
2.09,2.0491695
2.09,2.009444
2.09,2.0771604
2.16,1.9041895
2.14,1.9960744
2.2,2.0006642
2.11,1.8927746
2.13,1.8864641
2.15,1.841681
2.09,1.8765985
2.15,1.7688347
1.99,1.7043537
1.93,1.7422627
1.91,1.987311
1.95,1.879726
1.92,1.7504576
1.91,1.8335841
1.91,1.8174605
1.9,1.8577636
1.94,1.8719448
1.94,1.7614874
1.93,1.8856989
1.92,1.7525471
1.94,1.8344626
1.96,1.9155167
1.98,1.9592178
1.98,1.7142353
1.96,1.720703
2.0,1.7915256
2.01,1.8101544
2.01,1.8349974
1.99,1.761921
1.99,1.7676486
1.96,1.9431301
1.94,1.8572774
1.97,1.907881
1.94,1.9433607
1.93,1.9811084
1.94,1.6100723
1.93,1.7847953
1.94,1.7973461
1.97,1.7456325
1.96,1.8209288
1.93,1.8315359
1.89,1.826493
1.91,1.7766662
1.9,1.8135271
1.91,1.6168022
1.89,1.7733433
1.89,1.8838612
1.9,1.7467616
1.89,1.8418971
1.9,1.8049234
1.97,1.7844052
1.95,1.8221759
1.92,1.8471119
1.94,1.8070929
1.94,1.858079
1.93,1.8169855
1.94,1.8174982
1.93,1.9048901
1.92,1.8741239
1.95,1.869526
1.98,2.0084383
2.02,1.9756742
2.01,2.012723
1.99,1.8979086
2.02,1.880318
2.02,1.8453883
2.01,1.8855994
2.0,1.8905047
2.01,1.7615428
1.97,1.8616389
1.93,1.8564878
1.91,1.9521106
1.95,2.0184216
1.94,1.934151
1.94,1.9529715
1.94,1.9310164
1.95,1.9529966
1.96,1.8824629
1.92,1.9966813
1.91,2.013067
1.92,2.002268
1.95,1.9868011
1.95,1.9820056
1.97,2.043561
1.96,2.1076474
1.95,2.0912402
1.99,2.133787
2.04,2.115435
2.05,2.2184074
2.05,2.1992207
2.13,1.9340031
2.15,2.1014845
2.14,2.1032593
2.13,2.0405617
2.13,2.1059637
2.08,2.1277297
2.13,2.0625844
2.12,2.2412262
2.14,2.1819587
2.13,2.1601076
2.19,2.2093208
2.21,2.1719294
2.22,2.212918
2.23,2.3244667
2.26,2.2875917
2.25,2.1571746
2.26,2.3292317
2.3,2.2418737
2.32,2.214305
2.32,2.3095462
2.31,2.3231466
2.32,2.2621796
2.27,2.2347329
2.24,2.253232
2.29,2.3350816
2.32,2.2684119
2.29,2.250471
2.27,2.391204
2.28,2.2573812
2.3,2.292269
2.3,2.2367218
2.33,2.1580558
2.35,2.3308077
2.29,2.2835984
2.27,2.2830338
2.21,2.3370452
2.22,2.4764934
2.24,2.3058782
2.24,2.2874935
2.23,2.260988
2.27,2.2570162
2.28,2.2775517
2.27,2.256801
2.28,2.249781
2.29,2.2914298
2.28,2.308283
2.29,2.31633
2.24,2.441045
2.29,2.3470545
2.33,2.4037328
2.37,2.5099535
2.41,2.4159927
2.42,2.4226947
2.38,2.4469762
2.37,2.4694545
2.38,2.5302792
2.37,2.4200156
2.43,2.4038005
2.42,2.4126241
2.45,2.4204903
2.42,2.3553545
2.4,2.3505669
2.38,2.3801754
2.37,2.520104
2.39,2.566148
2.38,2.445913
2.43,2.4592779
2.44,2.5110197
2.51,2.513485
2.48,2.6682098
2.45,2.6259434
2.54,2.3419168
2.58,2.3702552
2.62,2.42758
2.66,2.3997042
2.56,2.3638532
2.47,2.3345015
2.43,2.3649118
2.43,2.4011822
2.45,2.4015906
2.43,2.463427
2.43,2.4049082
2.4,2.3519983
2.4,2.5645332
2.44,2.5107424
2.4,2.4848878
2.39,2.5545502
2.37,2.5382543
2.35,2.5460594
2.37,2.396082
2.38,2.4485416
2.42,2.4292736
2.41,2.3497612
2.46,2.3461084
2.36,2.343761
2.35,2.2454114
2.38,2.3878613
2.29,2.2680924
2.3,2.233538
2.31,2.3022013
2.29,2.2381456
2.25,2.2796502
2.26,2.2933059
2.19,2.329215
2.19,2.3132143
2.15,2.218074
2.2,2.2859223
2.25,2.3260648
2.25,2.3909187
2.26,2.3852034
2.23,2.4471953
2.21,2.4630313
2.31,2.624453
2.36,2.5860157
2.38,2.4737287
2.37,2.4886947
2.37,2.5711074
2.45,2.6614532
2.37,2.4726968
2.28,2.490108
2.3,2.421877
2.4,2.372499
2.42,2.384666
2.37,2.4691603
2.37,2.4840238
2.4,2.5365896
2.35,2.756785
2.35,2.741154
2.35,3.0047956
2.41,2.954093
2.49,2.8435075
2.8,2.9428458
2.72,3.0371213
2.82,3.0479987
2.82,3.0203185
2.88,3.1773074
2.94,3.1730416
2.93,3.1453993
3.05,3.2237263
3.12,3.3584235
3.12,3.2296329
3.15,3.2403264
3.2,3.1799672
3.21,3.2026925
3.23,3.205785
3.23,3.3212833
3.2,3.2400095
3.13,3.2644477
3.15,3.18302
3.18,3.1701362
3.21,3.1751018
3.21,3.1792128
3.21,3.2274997
3.18,3.3084102
3.14,3.1160793
3.12,3.3126137
3.1,3.3547478
3.14,3.1765902
3.18,3.3634067
3.16,3.3195927
3.22,3.1069574
3.2,3.2610786
3.15,3.343561
3.13,3.2019906
3.08,3.2075727
3.07,3.2449057
3.16,3.2673993
3.19,3.2517676
3.17,3.241079
3.26,3.2471023
3.27,3.095433
3.12,3.3424656
3.11,3.346411
3.16,3.391984
3.1,3.4971228
3.17,3.3728285
3.27,3.4993749
3.35,3.4528425
3.32,3.3905966
3.33,3.5661075
3.3,3.8518894
3.43,3.724509
3.39,3.674169
3.37,3.5978744
3.39,3.571694
3.47,3.6382413
3.53,3.454164
3.62,3.5521643
3.62,3.6186385
3.55,3.5315351
3.56,3.4947972
3.52,3.3845294
3.59,3.4751105
3.59,3.5094695
3.52,3.497387
3.49,3.5825286
3.4,3.4877505
3.5,3.564074
3.51,3.5527546
3.52,3.6803377
3.5,3.6730695
3.52,3.565038
3.48,3.6931093
3.6,3.8719304
3.69,3.6504817
3.63,3.874407
3.58,3.9066975
3.69,3.9828823
3.76,4.353577
3.76,4.202301
3.9,4.0905514
3.94,4.3065295
4.06,4.019331
4.15,4.2722044
4.08,4.0904107
4.1,4.2351704
4.16,4.0863366
4.03,4.1626854
3.97,4.4404535
3.98,4.380498
3.98,4.422052
4.02,4.243835
3.95,4.208865
3.87,4.1337843
3.87,4.0165787
3.93,4.0802164
3.88,4.091621
3.98,4.096882
4.01,3.9484537
4.02,4.110491
4.07,3.9794905
4.15,4.000682
4.11,4.118206
3.96,4.0770946
4.13,4.1013274
4.09,3.9916148
4.16,4.0129232
4.27,4.0281134
4.25,3.8655326
4.24,3.7976162
4.08,3.851496
4.08,3.8868139
4.08,3.7314172
4.0,3.813669
3.82,3.6810172
3.88,3.6358752
4.01,3.4726837
3.82,3.5141363
3.86,3.4399154
3.76,3.423228
3.61,3.4924574
3.45,3.2896168
3.51,3.3997445
3.54,3.2094586
3.51,3.1753607
3.52,3.2365816
3.33,3.1130593
3.33,3.176937
3.11,3.3216162
3.08,3.3479762
3.14,3.3247972
3.13,3.3940153
3.12,3.6150963
3.23,3.3637352
3.37,3.464029
3.41,3.3426049
3.41,3.5582433
3.44,3.529383
3.37,3.509059
3.47,3.484463
3.42,3.5551403
3.54,3.4892313
3.59,3.616602
3.57,3.655605
3.63,3.705556
3.59,3.797227
3.62,3.7241554
3.71,3.659455
3.75,3.7515187
3.8,3.6687152
3.82,3.7524042
3.81,3.815828
3.74,3.8885574
3.75,3.8321643
3.73,3.9095037
3.77,3.849113
3.95,3.9077132
4.0,3.8660913
3.9,3.7071855
3.95,3.6984797
3.94,3.9173467
3.98,3.8908105
3.93,3.9745164
3.89,3.7670646
3.87,3.7201753
3.95,3.7326767
3.94,3.690524
3.99,3.6135705
3.83,3.6534593
3.74,3.6835682
3.8,3.5803256
3.68,3.613904
3.62,3.6270642
3.68,3.60475
3.7,3.7302308
3.66,3.809495
3.65,3.885127
3.78,3.8402858
3.74,3.7700155
3.78,3.754544
4.01,3.7867112
4.08,3.665977
3.99,3.625196
3.87,3.5391932
3.87,3.6121964
3.86,3.574786
3.64,3.638128
3.6,3.4682124
3.61,3.785314
3.74,3.6947548
3.7,3.9462872
3.81,3.8125167
3.88,3.8915074
3.94,3.9125183
3.92,3.9017727
4.05,4.058491
4.08,4.0262604
4.02,4.158386
4.1,4.1779175
4.13,4.1348815
4.23,4.2363715
4.26,4.12646
4.39,3.791131
4.4,3.7741473
4.31,3.7989962
4.43,3.6626801
4.22,3.5347998
3.77,3.634383
3.73,3.6105833
3.67,3.7056808
3.69,3.6923454
3.74,3.8509858
3.77,4.026575
3.73,4.016528
3.81,3.90678
3.8,3.8527107
4.0,4.2066483
4.16,4.1750283
4.19,4.1974936
4.16,4.080578
4.11,3.9546187
4.37,4.158975
4.36,4.1756005
4.24,5.956276
4.14,6.508927
4.13,6.376469
4.28,6.4699035
4.31,6.427621
6.71,6.391334
6.83,6.7064753
6.64,6.7001915
6.64,7.1529512
6.3,7.1533446
6.46,7.299842
6.56,7.2345586
6.58,7.244654
7.17,7.4913335
7.32,7.497943
7.35,7.475633
7.26,7.698479
7.17,7.8497534
7.52,7.958701
7.52,8.065906
7.55,7.7663283
7.83,7.810798
8.31,7.7441664
8.11,7.901594
8.25,7.768506
7.95,7.948276
7.67,7.703913
7.78,7.854976
7.83,7.871569
8.0,7.87813
8.05,7.8865294
7.7,8.121056
8.04,8.171563
7.93,8.044919
7.88,8.197947
7.88,8.358607
8.28,8.460537
8.37,8.310344
8.21,8.3044195
8.6,8.000984
8.9,7.942175
8.74,7.873789
8.42,7.8857217
8.22,7.7721314
7.94,7.6989417
8.04,7.6835885
7.77,7.502876
7.83,7.6415277
8.05,7.7773414
7.7,7.71105
7.62,7.61961
7.41,7.384949
7.65,7.4639177
7.71,7.193366
7.77,7.110439
7.63,6.855739
7.48,6.765507
7.59,6.8874345
7.03,7.2851906
6.85,7.308193
6.73,7.13026
6.81,7.1410866
6.85,7.186134
7.42,7.0661664
7.47,7.0114455
7.11,6.8994565
7.01,6.8352036
7.12,7.0107565
6.98,7.1071663
6.88,7.0801144
6.85,7.1514244
6.79,6.9828415
6.95,7.0243835
7.27,7.0785255
7.14,7.152095
6.97,7.3492403
6.95,7.309088
6.89,7.283709
7.0,7.2670484
7.24,7.415837
7.41,7.4681597
7.24,7.518724
7.24,7.3643293
7.25,7.468189
7.36,7.402453
7.46,7.4256372
7.45,7.353132
7.42,7.1150875
7.47,7.0634947
7.36,6.759682
7.57,6.8226724
7.45,6.384081
7.02,6.3222904
6.76,6.4571643
6.48,6.451394
6.7,6.4838862
5.96,6.402735
6.07,6.1289444
6.34,6.137913
6.44,6.125629
6.49,6.2802353
6.25,6.304212
6.03,6.1064425
5.91,5.7181516
6.0,5.826501
6.3,5.415918
6.25,5.4092565
6.0,5.5100102
5.5,5.450305
5.76,5.345406
5.2,5.337095
5.2,5.610835
5.49,5.7692237
5.34,6.0559306
5.43,6.230102
5.38,6.1069493
5.65,6.212512
5.81,6.3278394
6.1,6.3398595
6.21,6.575594
6.25,6.6114893
6.19,6.641558
6.21,6.692339
6.29,6.8282347
6.66,6.789785
6.65,6.972124
6.71,6.7914233
6.82,6.877829
6.75,6.837089
6.79,7.0675673
6.87,7.4409995
6.77,7.3622127
6.83,7.3291497
6.88,7.1689878
7.11,7.2018223
7.4,7.2056403
7.43,7.28122
7.48,7.3834243
7.18,7.5113893
7.14,7.4713836
7.17,7.276912
7.27,7.304293
7.34,7.131971
7.56,7.249323
7.54,7.3338175
7.33,7.3787584
7.21,7.0607605
7.04,6.9566326
7.23,6.7911673
7.33,6.7383585
7.22,6.713505
6.94,6.963961
6.8,7.1494493
6.54,7.3181343
6.6,7.5105915
6.69,7.6423364
6.83,7.7913575
7.15,7.6188765
7.65,7.8531737
7.89,7.8419123
8.01,7.9546022
8.01,8.297342
7.65,8.545314
8.04,8.492662
8.04,8.460061
8.18,8.34808
8.62,8.786504
8.89,8.75796
8.89,8.672039
8.88,8.949396
8.88,9.074333
9.44,8.971726
9.27,8.609468
9.04,8.744094
9.5,8.820996
9.65,8.936692
9.33,8.894788
9.02,8.866692
8.99,9.107928
9.34,9.145805
9.41,9.219524
9.2,9.368691
9.24,9.348746
9.75,9.452006
9.99,9.461416
10.02,9.399041
10.12,9.402682
10.04,9.333056
10.11,9.463844
10.09,9.494084
9.74,9.713094
9.99,9.604228
9.77,10.020865
10.32,9.980255
10.41,10.089273
10.7,9.849493
10.86,9.994419
11.17,9.82058
11.0,9.899812
11.1,9.916105
10.61,10.073365
10.8,10.138722
10.32,10.32654
10.82,10.401837
10.95,10.3981285
11.41,10.481331
11.32,10.313978
11.85,10.30838
12.21,10.510423
12.02,10.523832
11.88,10.683339
11.91,10.684179
11.83,10.502721
12.17,10.658886
12.41,10.622408
12.81,10.541336
13.13,10.465361
12.3,10.50438
12.3,10.349615
12.24,10.442372
11.87,10.306689
11.78,10.124927
11.89,10.119723
11.8,10.04718
11.72,10.042588
11.23,9.9897785
10.95,10.012926
11.11,9.98421
10.95,10.010623
11.05,10.007558
11.12,10.170354
11.25,10.096274
11.11,10.078908
10.84,10.085726
10.81,10.293747
10.85,10.014029
10.64,10.059646
10.73,10.196738
10.83,10.112778
11.26,10.18322
10.98,9.983444
10.9,10.014387
11.2,9.957361
11.45,9.776222
11.52,9.668269
11.15,9.701041
10.8,9.813005
11.05,9.831225
10.53,9.629404
10.54,10.069756
10.55,10.087841
10.87,10.16121
10.9,10.162672
10.75,10.007517
11.43,10.013806
11.39,10.257724
11.55,10.354731
11.09,10.285704
11.01,10.429276
11.51,10.379634
11.96,10.317124
12.28,10.749666
12.17,10.668022
12.2,10.717807
12.22,10.657671
12.24,10.614463
12.7,10.902471
12.65,10.902383
13.19,10.892494
12.8,10.890451
13.34,10.899352
13.71,10.714146
13.86,10.746957
14.28,10.832957
13.99,10.7414465
13.18,10.689474
13.13,10.740156
13.36,10.6000395
13.55,10.807274
12.84,10.672387
12.92,10.765189
13.05,10.842247
12.95,10.855818
13.59,10.875219
13.25,10.910396
13.19,10.927338
13.49,10.780738
13.8,10.855351
13.48,10.883769
13.65,10.78215
13.95,10.725176
13.29,10.730943
13.13,10.718314
13.08,10.728253
13.1,10.616492
13.25,10.864676
13.0,10.994487
12.98,10.90237
13.1,10.943747
13.28,11.032644
13.74,10.841383
13.75,10.882426
13.88,10.813958
13.94,10.807719
13.85,10.773561
13.77,10.661804
13.25,10.740702
13.19,10.930725
12.89,10.637911
13.1,10.7284155
13.1,10.774041
13.04,10.751166
13.48,10.441281
12.52,10.313253
12.96,10.417654
13.07,10.320096
12.55,10.339189
11.8,10.38214
11.81,10.372356
11.65,10.156688
11.67,10.145445
11.95,10.270932
11.9,10.251934
11.55,10.033667
11.19,10.264828
11.18,10.246838
11.23,10.226882
11.53,10.20848
11.4,10.272471
11.69,10.370725
11.27,10.319869
11.12,10.302897
11.3,10.482677
11.74,10.675341
11.6,10.699654
11.8,10.65556
11.75,10.435945
12.0,10.513982
12.43,10.319372
12.4,10.125832
12.13,10.169412
11.55,10.157773
11.48,10.177129
11.5,10.435292
11.03,10.279905
10.81,10.187959
11.05,9.797027
11.29,9.431472
11.99,9.642399
11.27,8.909908
10.97,8.977443
10.45,8.770675
9.95,8.918091
9.48,8.954984
8.69,8.70311
8.73,8.682936
8.68,8.418923
8.65,8.582966
8.75,8.717276
8.62,8.551591
8.58,8.469613
8.6,8.782893
8.71,8.608256
8.79,8.587317
8.71,8.564274
8.59,8.527023
8.59,8.605344
8.64,8.51301
8.64,8.495641
8.57,8.286681
8.6,8.344373
8.51,8.525841
8.5,8.304284
8.49,8.235904
8.38,8.345748
8.36,8.401262
8.41,8.558334
8.37,8.56938
8.33,8.524846
8.38,8.327045
8.44,8.257794
8.53,8.143121
8.39,8.254358
8.36,8.168999
8.3,8.193887
8.28,8.427921
8.27,8.196328
8.24,8.331488
8.25,8.39603
8.28,8.198698
8.27,8.293903
8.29,8.329297
8.27,8.1589985
8.27,8.167024
8.27,8.308555
8.26,8.343127
8.23,8.307548
8.22,8.276233
8.23,8.1776705
8.23,8.24288
8.24,8.249634
8.24,8.329012
8.2,8.114901
8.18,8.278409
8.21,8.373066
8.26,8.361799
8.18,8.352905
8.21,8.253197
8.24,8.33661
8.26,8.414384
8.38,8.375126
8.41,8.302102
8.33,8.380209
8.29,8.455373
8.28,8.198758
8.27,8.272299
8.15,7.9976354
8.15,8.25948
8.16,8.225813
8.19,8.218338
8.13,8.160138
8.1,8.280919
8.1,8.2619915
8.13,8.198753
8.09,8.317432
8.11,8.32422
8.07,8.223931
8.04,8.167281
8.01,8.281927
8.03,8.220224
8.01,8.18394
8.05,8.182507
8.03,8.419141
8.01,8.230382
8.07,8.308838
8.1,8.043271
8.11,8.176685
8.11,8.105321
8.12,8.15933
8.09,8.112915
8.07,8.183897
8.08,8.173292
8.02,8.199047
8.05,8.23742
8.07,8.299487
8.07,8.285493
8.1,8.297009
8.08,8.2484865
8.2,8.225978
8.26,8.341497
8.26,8.453901
8.2,8.202468
8.24,8.204056
8.31,8.219681
8.36,8.28747
8.28,8.16581
8.13,8.189762
8.17,8.249941
8.15,8.269823
8.16,8.2576065
8.2,8.179005
8.23,8.402921
8.21,8.449027
8.19,8.418649
8.21,8.415002
8.12,8.510176
8.35,8.489875
8.46,8.604735
8.39,8.514283
8.4,8.456103
8.42,8.479251
8.43,8.595252
8.48,8.573725
8.49,8.412297
8.39,8.469744
8.4,8.378887
8.33,8.422946
8.38,8.439436
8.4,8.43272
8.4,8.412628
8.42,8.3786545
8.46,8.389294
8.31,8.316762
8.28,8.40489
8.25,8.503883
8.3,8.382558
8.34,8.636169
8.3,8.346064
8.3,8.322937
8.34,8.359421
8.28,8.412169
8.35,8.297425
8.3,8.420709
8.27,8.600471
8.28,8.435471
8.3,8.292412
8.27,8.321792
8.3,8.354438
8.28,8.278313
8.25,8.360898
8.26,8.470268
8.23,8.392553
8.36,8.3910675
8.35,8.498859
8.32,8.462419
8.34,8.560583
8.26,8.554285
8.35,8.684793
8.45,8.458559
8.46,8.615268
8.52,8.792945
8.5,8.599153
8.53,8.569938
8.4,8.629542
8.45,8.741744
8.5,8.61257
8.49,8.696123
8.47,8.569293
8.55,8.579245
8.6,8.543893
8.61,8.699651
8.68,8.67016
8.44,8.354295
8.34,8.340772
8.35,8.462799
8.2,8.265005
8.19,8.388611
8.1,8.20205
8.1,8.207336
8.13,8.386851
8.16,8.350619
8.1,8.380859
8.01,8.379541
7.93,8.2692585
8.05,8.306452
8.1,8.338415
8.15,8.242312
8.16,8.180003
8.08,7.945119
8.14,7.9724145
8.09,8.06496
8.0,7.982093
7.78,8.113858
7.69,7.937654
7.68,7.904737
7.65,7.965169
7.69,8.024634
7.72,7.91757
7.66,7.8408957
7.68,7.8741884
7.74,7.9413977
7.74,7.942525
7.75,7.890584
7.73,8.092943
7.69,8.031375
7.68,8.157048
7.76,8.242452
7.87,8.261898
7.88,8.103145
7.96,8.31205
7.96,8.2624855
8.07,8.152314
7.95,8.202569
7.95,8.229178
8.06,8.135501
8.03,8.078902
8.05,8.120273
8.08,8.212664
8.02,8.153042
8.0,8.089742
7.92,8.203583
7.96,8.221368
8.13,8.1659565
8.06,8.221485
8.11,8.011311
8.14,8.05521
8.05,8.141159
8.0,8.086418
7.98,8.117604
8.04,8.254235
7.9,8.302991
7.94,8.153121
7.92,8.1804
7.93,8.150277
8.03,8.16279
8.02,8.34907
7.95,8.15973
7.93,8.184249
7.95,8.388203
7.91,8.311467
7.83,8.249487
7.94,8.373671
7.94,8.300987
7.94,8.234236
8.06,8.261871
8.11,8.100383
8.2,8.220395
8.18,8.324466
7.99,8.348444
7.95,8.104872
7.88,8.218477
7.99,8.139048
7.97,7.853567
7.91,8.120231
7.88,8.035156
7.94,8.199234
7.86,8.081144
7.76,8.101782
7.82,8.261122
7.8,8.285573
7.79,8.242336
7.91,8.437317
7.95,8.301218
8.0,8.347912
8.05,8.351203
8.15,8.33698
8.17,8.305487
8.2,8.19613
8.11,8.363586
8.08,8.465361
8.02,8.268304
8.04,8.257628
8.05,8.105289
7.97,8.294776
8.03,8.285076
8.02,8.37908
7.85,8.567145
7.92,8.408365
8.13,8.622663
8.23,8.517271
8.32,8.506182
8.32,8.653212
8.32,8.555349
8.28,8.499466
8.31,8.618901
8.33,8.652609
8.37,8.734528
8.37,8.926681
8.32,8.553519
8.33,8.628069
8.55,8.439357
8.52,8.580624
9.2,8.763595
8.53,8.7454195
8.53,8.762984
8.49,8.717708
8.51,8.681968
8.65,8.681141
8.72,8.741386
8.55,8.505439
8.52,8.428347
8.45,8.57017
8.67,8.552582
8.37,8.496617
8.3,8.637241
8.33,8.4727545
8.31,8.527399
8.3,8.585254
8.42,8.44141
8.45,8.417944
8.35,8.48619
8.36,8.376859
8.31,8.523318
8.27,8.427493
8.25,8.51468
8.31,8.479924
8.24,8.268304
8.27,8.407749
8.36,8.461908
8.21,8.473187
8.16,8.575097
8.2,8.456129
8.17,8.42241
8.25,8.384597
8.32,8.374317
8.37,8.331984
8.33,8.42945
8.29,8.482387
8.26,8.405519
8.22,8.3488245
8.21,8.364047
8.16,8.367216
8.14,8.552936
8.13,8.490006
8.17,8.578486
8.25,8.467345
8.16,8.373351
8.2,8.499334
8.25,8.508991
8.4,8.292752
8.21,8.379325
8.18,8.4757395
8.25,8.643617
8.2,8.458826
8.23,8.633801
8.3,8.754258
8.26,8.549107
8.3,8.51527
8.36,8.599784
8.49,8.803613
8.5,8.829452
8.38,8.801933
8.3,8.674655
8.46,8.852266
8.54,8.859162
8.46,9.337921
8.65,9.183141
8.52,9.400528
9.09,9.416475
8.6,9.255708
9.7,9.394167
9.66,9.382527
9.61,9.352355
9.59,9.494687
9.59,9.487231
9.59,9.37652
9.6,9.364404
9.61,9.298619
9.62,9.375992
9.61,9.37564
9.59,9.363004
9.62,9.408455
9.59,9.339458
9.57,9.341024
9.56,9.439498
9.56,9.303524
9.57,9.374012
9.57,9.302399
9.55,9.445178
9.52,9.323988
9.52,9.342877
9.54,9.348764
9.54,9.378843
9.52,9.245855
9.52,9.247241
9.53,9.270589
9.54,9.300241
9.54,9.348082
9.51,9.399936
9.51,9.348588
9.51,9.336845
9.5,9.370873
9.5,9.149979
9.49,9.224513
9.5,9.303931
9.49,9.3885565
9.48,9.307863
9.49,9.092725
9.46,8.928032
9.48,9.017541
9.48,8.986184
9.43,9.117805
9.12,9.046757
9.08,9.067386
9.06,9.05471
9.06,8.9405
9.13,9.126273
8.98,8.911729
9.03,9.007096
9.1,9.050034
9.1,9.147752
9.17,9.032187
9.1,9.076514
9.09,9.083121
9.13,9.153854
9.14,9.140759
9.15,9.17435
9.14,9.056497
9.07,9.179608
9.13,9.220198
9.14,9.223769
9.17,9.123155
9.15,8.939981
9.18,9.073078
9.18,9.157661
9.22,9.032114
9.21,9.145614
9.13,9.19193
9.1,8.961225
9.1,9.153557
9.09,9.17473
9.17,9.106744
9.15,9.087881
9.14,8.993577
9.22,8.992369
9.31,9.172503
9.21,9.025461
8.93,9.101243
8.98,9.118425
8.98,9.146802
9.03,9.07195
8.93,9.012296
9.09,9.130336
9.1,9.132294
9.13,9.068052
9.14,9.142537
9.15,8.949379
9.12,8.811261
9.16,8.993399
9.04,8.935528
9.0,8.982154
8.82,8.979235
8.85,9.051799
8.88,9.112561
8.87,8.959359
8.75,9.041248
8.88,9.057107
8.95,9.118473
9.04,9.19144
9.09,9.113667
9.09,9.105361
9.02,9.11857
9.11,8.940698
9.09,9.2369995
9.0,9.333271
9.13,9.343413
9.13,9.223272
9.1,9.213859
9.24,9.344627
9.42,9.296136
9.42,9.177139
9.47,9.203383
9.5,9.297246
9.52,9.288047
9.4,9.238995
9.35,9.181733
9.33,8.451072
9.38,8.66703
9.22,8.679772
9.15,8.604393
9.15,8.500791
8.29,8.4013405
8.53,8.19422
8.46,8.141358
8.35,8.244435
8.14,8.191389
8.05,8.272213
7.84,8.382135
7.9,8.389988
7.96,8.249038
7.92,8.216208
7.94,8.255102
7.99,8.7038145
8.0,8.554006
7.97,8.171967
7.82,8.206388
8.02,8.168968
8.66,8.132084
8.35,8.062209
7.92,8.231295
7.96,8.096353
7.79,8.1733055
7.78,8.034803
7.78,8.225079
8.0,8.121958
7.88,7.6502333
7.9,8.107247
7.84,8.193503
7.99,8.313477
7.71,8.277312
7.17,8.139833
7.78,8.173607
8.1,8.360082
8.02,8.301846
7.93,8.078429
7.95,8.163581
8.01,8.0911875
8.12,7.989142
8.01,7.0645924
7.88,7.230556
7.83,7.4018974
7.96,7.8375053
7.58,8.156578
6.51,8.1840925
7.19,8.515916
7.12,8.525216
8.0,8.819255
8.21,9.026766
8.28,9.113841
8.48,9.030545
8.36,9.087572
8.97,9.033273
9.06,9.095696
9.09,9.216376
9.02,9.03574
9.16,9.133586
9.16,9.18023
9.16,9.162102
9.23,9.135078
9.2,9.258572
9.16,9.218539
9.25,9.275453
9.13,9.115801
9.21,9.266206
9.2,9.141384
9.27,9.130188
9.46,9.140625
9.28,9.157203
9.36,9.128454
9.17,9.213925
9.26,9.239778
9.12,9.145393
9.25,9.032646
9.2,9.041773
9.29,9.105695
9.19,9.249023
9.4,9.268045
9.27,9.231681
9.1,9.351945
9.04,9.224182
9.26,9.367215
9.2,9.371207
9.28,9.168735
9.43,9.488197
9.52,9.46215
9.49,9.553507
9.4,9.493902
9.53,9.710587
9.68,9.833616
9.78,9.776492
9.73,9.770228
9.88,9.785831
10.27,9.907431
10.24,10.122571
10.5,10.102747
10.3,9.905533
10.31,10.146876
10.56,9.938207
11.1,9.742686
11.0,10.078302
10.3,10.052001
11.33,9.565349
10.56,9.397465
10.38,9.59977
10.87,9.318677
10.65,9.652943
9.71,9.566568
9.75,9.545067
10.03,9.206281
9.12,9.372011
9.81,9.554352
10.0,9.63217
9.91,8.915459
9.44,8.802332
9.64,9.241038
9.95,9.247907
10.09,9.5922985
8.8,9.733957
8.6,9.829814
9.65,9.76963
9.3,10.022351
9.81,9.94218
10.44,10.038945
10.51,10.194154
10.43,9.876029
10.87,9.574483
10.47,9.534104
10.83,9.915823
10.97,9.9905815
10.25,9.9421425
9.8,10.006772
9.99,10.01197
10.57,9.903728
10.7,10.336765
10.48,10.018744
10.8,9.838798
10.95,9.777214
10.5,9.837315
11.7,10.334552
10.8,10.143682
10.3,10.353078
10.3,10.508345
10.42,10.428214
11.46,10.601675
11.23,10.698049
11.95,10.799442
12.61,10.821135
11.71,10.912495
12.3,10.996572
12.67,10.828882
12.9,10.843532
13.0,10.719517
13.5,10.761301
13.29,10.711336
13.1,10.986583
12.5,10.900939
12.41,10.952101
12.68,10.901294
12.56,10.740947
13.3,10.552797
13.2,10.470824
13.4,10.4897175
13.1,10.607311
12.7,10.311988
11.82,10.312211
11.7,10.141146
11.86,10.276387
11.95,10.004027
11.02,10.481537
11.18,10.446513
11.1,10.453117
11.29,10.415513
10.82,10.323555
11.93,10.653524
11.81,10.73923
11.97,10.843653
11.39,10.948755
11.5,10.838782
12.7,11.074286
12.5,11.110206
13.13,11.110947
13.68,11.062516
13.7,11.146277
13.8,11.211663
14.28,11.167679
14.2,11.170515
13.64,11.11267
14.11,10.9800005
14.05,10.950026
13.95,10.935297
13.72,10.738113
13.61,10.78006
13.35,10.899978
13.4,10.605542
13.6,10.541029
12.93,10.724909
12.7,10.504082
12.57,10.585547
12.29,10.410203
11.85,10.405701
12.44,10.083667
11.59,10.081633
12.12,10.221285
11.78,9.939571
11.7,9.768946
10.81,9.905317
10.76,10.017497
10.95,9.899237
10.6,10.2236395
10.55,10.159318
10.47,10.221639
10.56,10.047014
10.65,10.179786
11.26,10.353184
10.91,10.113245
11.4,10.014193
10.61,10.032372
11.2,10.459183
11.37,10.115465
11.0,10.223222
10.95,10.201103
10.8,10.576876
11.59,10.665603
11.06,11.208989
10.99,10.9409275
10.95,10.71231
12.2,9.898071
12.4,9.65007
14.73,9.700002
13.39,9.6874075
12.17,9.510527
10.1,9.28933
9.65,9.284158
9.88,9.626023
9.7,9.753025
9.31,9.516655
9.42,9.469751
9.01,9.281048
9.91,9.106546
10.15,9.255777
9.7,8.495361
9.42,8.347441
9.05,8.312571
8.82,8.413641
9.16,8.405272
8.05,8.76677
7.75,8.590159
7.7,8.704495
7.92,8.4711275
7.75,8.556679
8.15,8.496794
8.02,7.863686
8.12,8.4152355
7.77,8.928669
8.24,8.701501
8.2,8.535999
7.31,8.54895
8.29,9.390154
8.8,9.2352495
8.5,9.059719
8.28,9.598335
8.3,10.684043
9.62,10.848076
9.52,10.895922
8.83,10.758922
10.3,10.698791
13.69,10.659292
13.66,10.739115
13.5,10.799603
12.73,10.373552
12.46,10.523033
11.5,10.206285
12.08,10.100072
12.37,10.029337
11.1,9.803717
11.23,10.120428
10.8,10.529461
10.5,10.940624
10.6,11.101227
9.91,10.916914
11.01,10.807725
12.35,10.921194
13.71,10.764055
14.15,10.7872305
13.38,10.389897
12.82,10.36557
13.01,10.437493
12.2,10.395722
12.44,10.231749
11.4,10.029662
10.9,9.897494
11.05,9.955226
10.76,9.970705
10.8,10.016144
10.16,10.189951
10.31,10.0783
10.36,9.93466
10.21,9.770648
10.49,9.244323
10.7,9.491483
10.59,9.673563
10.25,9.414622
9.5,9.069498
8.81,9.30328
9.47,9.204035
9.5,9.18261
9.3,8.934526
8.68,8.926186
8.94,8.641779
8.92,8.419126
9.0,8.268756
8.79,8.230891
8.82,7.8593335
8.17,7.5828853
7.83,7.7574553
7.77,7.5936923
7.71,7.5843883
7.05,7.565802
6.73,7.1720963
7.08,7.2057247
7.01,7.2327943
6.9,6.943816
6.65,6.597873
6.43,6.9691076
6.4,6.9687133
6.3,6.829408
6.26,7.059211
6.05,6.784576
6.53,7.24018
6.54,7.1782856
6.63,6.9659014
6.5,6.5216417
6.45,6.451408
6.52,6.524753
6.26,6.6303525
6.18,6.361571
5.98,6.4419823
6.22,6.5644565
6.28,6.3036046
6.39,6.1375384
5.7,5.8738623
6.44,5.838106
6.1,5.662529
5.98,5.335947
5.53,5.252599
5.47,4.9734297
5.53,4.8670483
5.32,5.043157
5.28,4.9362497
5.17,4.68782
5.09,4.9937644
5.04,5.170949
5.05,5.13788
5.24,4.9593883
5.0,5.118509
5.43,5.421712
5.56,5.0199804
5.4,5.0572133
5.2,4.860516
5.57,4.87806
5.65,4.8507824
5.3,4.768247
5.02,4.5925837
4.89,4.5888815
4.9,4.5193615
5.05,4.5448194
5.03,4.4586973
4.76,4.1577053
4.83,4.248589
5.05,4.214802
5.05,4.1745157
4.81,4.1920123
4.58,4.101278
4.49,4.047006
4.33,4.155243
4.24,4.1198215
4.45,4.1866155
4.34,4.2508082
4.25,4.200781
4.19,4.2623715
4.27,4.075199
4.45,4.0044203
4.56,4.4886236
4.45,4.3469276
4.44,4.2436414
4.34,4.286494
4.46,4.2447305
4.4,4.2861366
4.5,4.40858
4.12,4.1947875
4.05,3.9611027
3.99,3.952955
4.1,3.8598585
3.92,3.872506
3.79,3.725531
3.84,3.7595203
3.75,3.8751462
3.65,3.8065624
3.77,3.7191787
3.57,3.8238704
3.8,3.468951
3.75,3.7366607
3.67,3.717646
3.69,3.5753536
3.51,3.683741
3.4,3.7185376
3.5,3.7599103
3.41,3.842162
3.37,4.007179
3.52,3.8434346
3.68,4.1090007
3.67,3.9936237
3.83,4.1035147
3.89,3.9599984
3.68,3.7077477
3.77,3.895379
3.65,3.6426167
3.65,3.5956619
3.62,3.555611
3.45,3.4504395
3.42,3.5115955
3.42,3.5171432
3.52,3.6833498
3.38,3.4713562
3.59,3.388102
3.58,3.5254817
3.61,3.4471512
3.51,3.4774761
3.45,3.3128579
3.38,3.2240033
3.44,3.4056668
3.36,3.6197264
3.33,3.3603745
3.26,3.4637623
3.26,3.543473
3.18,3.4781256
3.15,3.316455
3.18,3.619214
3.2,3.3992805
3.17,3.3516905
3.24,3.4707963
3.23,3.358438
3.24,3.399539
3.24,3.3774943
3.21,3.2635503
3.11,3.1861691
3.17,3.3991783
3.18,3.2654786
3.12,3.4633524
3.13,3.516449
3.16,3.4716945
3.26,3.4669204
3.24,3.6076798
3.3,3.7770889
3.27,3.4707465
3.32,3.473988
3.24,3.5571036
3.18,3.683609
3.17,3.4873602
3.14,3.4570754
3.06,3.510447
3.07,3.6198654
3.06,3.4306529
3.02,3.299923
2.99,3.2473068
3.05,3.4295924
3.02,3.6253803
3.02,3.379174
3.09,3.5780602
3.1,3.636967
3.06,3.441245
3.09,3.570771
3.0,3.5235372
3.05,3.522285
3.19,3.6641865
3.19,3.554897
3.21,3.5520494
3.28,3.650256
3.26,3.6533682
3.35,3.62976
3.36,3.6761265
3.41,3.4520228
3.3,3.5328286
3.3,3.3791394
3.28,3.4017084
3.26,3.5994353
3.36,3.6019123
3.37,3.5859895
3.38,3.6122217
3.32,3.7024016
3.53,3.5827644
3.52,3.7041218
3.51,3.7133908
3.56,3.7640624
3.6,3.6689632
3.55,3.5975425
3.58,3.7107012
3.7,3.7232056
3.67,3.463802
3.66,3.5296166
3.57,3.6714063
3.45,3.670666
3.48,3.6527407
3.36,3.8106468
3.39,3.790351
3.38,3.7461188
3.4,3.700385
3.45,3.601038
3.45,3.6397913
3.35,3.6737232
3.39,3.8647516
3.6,3.9605033
3.6,3.9423745
3.67,3.8876586
3.6,4.0468683
4.0,3.9426162
3.91,3.7991683
3.95,3.8812015
4.04,3.8392236
4.05,3.6309514
3.95,3.725688
3.98,3.967311
3.7,3.936009
3.6,3.9455032
3.57,3.9013538
3.83,3.8464637
4.21,3.8605068
4.09,3.607103
3.88,3.7204306
3.84,3.7396595
3.7,3.6550443
3.8,3.5998147
3.48,3.4671786
3.3,3.4958832
3.5,3.7579587
3.25,3.478466
3.06,3.4899542
2.98,3.5668852
2.95,4.017676
3.11,3.9954069
2.81,3.9104624
2.66,4.1330104
2.86,3.9917586
4.5,3.9403975
4.52,4.1280107
4.5,3.9532423
4.52,3.9476078
4.42,3.902733
4.22,4.125918
4.22,3.9589472
4.29,3.8919466
4.32,3.8903594
4.09,4.074169
4.16,3.9119136
4.2,3.94781
4.1,3.914917
4.0,3.8888836
4.01,3.9572225
3.95,3.9634638
4.05,3.980173
3.94,3.8709862
3.91,3.9808505
3.93,4.0893683
3.93,3.8855345
3.94,4.0340605
3.96,3.8721917
3.96,3.8173583
3.93,4.0371137
4.0,4.1657815
4.01,4.188449
4.0,4.065361
3.96,4.150389
3.94,3.970523
3.95,3.7763312
4.0,4.0850472
4.15,3.9407134
4.01,3.9115238
3.96,4.173955
4.05,3.9041913
3.94,3.894684
3.93,3.8548732
4.0,4.004037
3.97,3.9527419
4.02,3.9327502
3.97,3.869334
3.84,3.9651144
3.88,4.029347
3.8,3.9455962
3.96,3.9806137
4.11,3.947115
4.12,4.0484805
4.14,4.0479074
4.04,3.8605216
4.09,3.962883
4.14,3.8536773
4.22,3.8751354
3.98,3.841232
3.97,3.8114638
3.96,3.7764223
3.75,3.674257
3.66,3.8799562
3.6,3.8195126
3.52,3.730079
3.53,3.6392953
3.57,3.7959027
3.63,3.7461915
3.6,3.883653
3.6,3.7964752
3.58,3.8023903
3.55,3.6643744
3.5,3.5704312
3.43,3.9961956
3.41,4.2235003
3.43,3.8309112
3.42,3.873305
3.47,3.779798
3.45,3.7921152
3.42,3.7999258
3.48,3.646419
3.58,3.8220074
3.61,3.9092264
3.59,3.7433174
3.59,3.6840587
3.47,3.6640477
3.53,3.6063774
3.48,3.386226
3.39,3.7266147
3.32,3.6523714
3.35,3.7060196
3.35,3.4904842
3.27,3.6751301
3.38,3.6165087
3.4,3.6511488
3.18,3.7094803
3.19,3.6129887
3.2,3.5430036
3.33,3.711098
3.3,3.4409416
3.19,3.6369286
3.1,3.5810373
3.08,3.5082057
3.06,3.6335623
2.98,3.6329198
3.03,3.4227424
2.9,3.6656177
2.99,3.6722543
3.05,3.5489094
3.1,4.5546336
3.1,4.5535297
3.17,4.8651786
3.25,4.8268003
3.27,5.4861374
5.85,5.374192
5.75,5.244736
5.68,5.1284747
5.85,5.257837
5.74,5.1528516
5.16,4.9751267
5.3,4.8286676
5.4,4.9067454
5.42,4.9461865
5.45,5.1401105
5.33,4.512453
5.32,4.812105
5.34,4.688321
5.24,4.757618
5.23,4.6861825
5.26,4.8917985
5.22,4.725466
5.16,4.7622623
5.24,4.8106966
5.27,4.701204
5.27,4.7164407
5.23,4.49145
5.17,4.8076224
5.16,4.761414
5.1,4.71351
5.14,4.6911016
5.17,4.7591486
5.19,4.8449187
5.16,4.908606
5.14,4.779278
5.1,4.730718
5.34,4.9219584
5.34,5.0456805
5.38,4.897552
5.3,4.8745985
5.36,4.6861405
5.37,4.6966434
5.37,4.79983
5.29,4.7262535
5.19,4.688363
5.07,4.5909743
5.1,4.687923
5.07,4.711242
5.02,4.4463696
4.98,4.5455565
5.06,4.6136374
5.12,4.577781
5.03,4.470336
4.92,4.5236135
4.97,4.489766
4.99,4.466151
4.92,4.3256145
4.83,4.4854245
4.78,4.441978
4.83,4.54446
4.83,4.4807787
4.8,4.2111197
4.88,4.5454392
4.76,4.500835
4.85,4.6151867
4.88,4.4973
4.84,4.672153
4.9,4.8022127
4.96,4.800909
5.06,4.945687
5.07,4.763817
5.19,4.852539
5.29,4.9838696
5.36,4.8877683
5.38,5.073861
5.19,5.125168
5.24,4.985136
5.25,5.0939326
5.41,4.9526873
5.33,4.7715626
5.58,4.822021
5.35,4.807052
5.32,4.4675007
5.27,4.466963
5.06,4.365137
5.2,4.3232837
5.18,4.288795
4.68,4.469167
4.74,3.9205267
4.61,4.187118
4.59,4.314742
4.65,4.3360353
4.75,4.2381577
4.77,4.2827754
4.7,4.3168087
4.69,4.369814
4.75,4.261239
4.65,4.402665
4.63,4.327966
4.67,4.3452687
4.85,4.4654408
4.85,4.4072495
4.78,4.5720935
4.7,4.485942
4.78,4.6762495
4.77,4.621998
4.95,4.677199
5.04,4.522172
4.99,4.6993837
5.11,4.7077107
5.13,4.673178
5.11,4.9637475
5.08,4.902548
5.28,4.96397
5.28,4.523949
5.4,5.068726
5.4,4.913802
5.41,4.892569
5.46,4.9541335
5.42,4.917551
5.52,4.824535
5.38,4.6072617
5.3,4.790966
5.38,4.7901907
5.33,4.956391
5.3,4.6140184
5.29,4.8654876
5.3,4.892046
5.38,4.9773097
5.25,4.917037
5.2,4.7819448
5.2,4.9292235
5.28,4.8072114
5.32,4.943785
5.37,5.028303
5.26,4.926444
5.3,5.228427
5.45,5.20808
5.39,5.0266933
5.4,5.167297
5.56,5.2455006
5.58,5.303737
5.65,5.36318
5.62,5.29935
5.62,5.529453
5.84,5.3477545
5.85,5.2536235
5.79,5.409297
5.8,5.4146385
5.88,5.0899606
5.72,5.137987
5.76,5.414193
5.7,5.1648083
5.69,5.302383
5.72,5.212619
5.7,5.259511
5.74,4.984983
5.67,5.3067327
5.57,5.3713126
5.68,5.3451557
5.69,5.431955
5.66,5.4813313
5.53,5.588177
5.65,5.5892577
5.41,5.503667
5.41,5.4995008
5.45,5.5780067
5.44,5.399279
5.5,5.071586
5.48,5.407252
5.5,5.275295
5.5,5.2481837
5.28,5.1229076
5.3,5.118405
5.39,5.312132
5.34,5.1624193
5.42,5.3234887
5.54,5.358036
5.52,5.387174
5.5,5.61154
5.44,5.5581584
5.42,5.630965
5.38,5.575845
5.41,5.847775
5.36,6.0563793
5.43,5.806954
5.46,5.809523
5.44,6.0318127
5.44,5.6912904
5.45,6.013775
5.41,6.0598307
5.41,6.1551027
5.51,5.9150176
5.4,5.899503
5.47,6.107316
5.6,6.115491
5.63,5.831304
5.69,5.7669168
5.64,5.668174
5.62,5.5694346
5.58,5.6158876
5.6,5.8368716
5.45,5.8024473
5.47,5.797875
5.56,5.747023
5.54,5.808234
5.6,5.923686
5.65,5.830309
5.52,5.655238
5.53,5.6587186
5.48,5.6484103
5.43,5.630745
5.52,5.6193886
5.5,5.6689296
5.61,5.5107336
5.62,5.4595375
5.52,5.4860864
5.57,5.268601
5.58,5.255795
5.45,5.331055
5.45,5.3978086
5.5,5.2428055
5.33,5.2156415
5.35,5.111838
5.4,5.2069106
5.46,5.2812037
5.44,5.2868605
5.37,5.2866445
5.33,5.041412
5.47,5.5752726
5.6,5.489629
5.8,5.723696
5.68,5.702677
5.7,5.7103367
5.67,5.6495614
5.74,5.561513
5.86,5.640358
5.94,5.9288
5.92,5.905042
5.83,5.707754
5.84,6.074229
6.07,6.0135655
6.08,6.1486373
6.21,6.2923408
6.28,6.108174
6.16,6.353051
6.28,6.0888057
6.38,6.5376616
6.4,6.4011183
6.45,6.3335485
6.55,6.2638125
6.38,6.1554027
6.65,6.059305
6.52,5.903699
6.34,5.852134
6.22,5.695596
6.2,5.8262444
5.93,5.9122653
5.8,5.7575693
5.84,6.1019964
5.8,6.0108876
6.06,5.946598
6.1,5.8837285
6.09,6.2193937
6.14,5.900403
6.14,6.08297
6.09,5.9296856
6.18,6.138338
6.23,6.1194606
6.08,6.06186
6.21,6.1294107
6.22,6.0022373
6.19,6.018711
6.12,6.1292195
6.15,5.8876586
6.02,5.7960644
6.0,5.9511085
6.05,6.2359114
5.89,6.2312555
5.97,6.187117
5.92,5.901324
6.0,6.014869
6.15,5.9323206
6.07,5.857012
5.98,6.0812826
6.1,6.1327395
5.88,6.002626
5.74,6.0656476
5.72,5.861817
5.8,6.0087423
5.9,5.821068
5.8,5.84895
5.75,5.7675424
5.71,5.9043
5.76,5.906528
5.73,6.015812
5.94,5.70128
5.95,5.735458
5.95,5.827837
5.94,5.594791
5.79,5.7407746
5.77,5.7876205
5.78,5.802425
5.73,5.8430142
5.82,6.13911
5.89,6.1855845
5.87,6.1080604
5.95,6.1455855
5.99,6.170238
6.05,6.0632243
6.0,6.1190553
5.83,5.951954
5.91,5.827451
5.79,5.8889585
5.7,5.6515274
5.79,5.76512
5.73,5.8971877
5.79,5.8896666
5.8,5.695407
5.73,5.920097
5.83,6.025221
5.95,6.023902
5.88,5.9627023
5.73,5.8964667
5.98,6.1572433
6.08,6.0472794
6.06,6.072882
6.06,6.35164
6.07,6.2780805
6.11,6.3475304
6.15,6.2573867
6.25,6.276472
6.45,6.193392
6.37,6.5450907
6.38,6.3230906
6.48,6.5588255
6.39,6.6245165
6.32,6.866095
6.56,6.500192
6.67,6.350427
6.63,6.5597086
6.6,6.6169744
6.65,6.481319
6.45,6.500687
6.59,6.6417584
6.72,6.750196
6.58,6.7138624
6.45,6.8131757
6.66,7.2088203
6.64,7.2352257
6.7,7.494236
6.65,7.345407
6.9,7.995296
7.09,8.209669
7.21,8.169109
7.25,8.368129
7.28,8.422968
7.53,8.466411
7.77,8.423284
7.7,8.524572
7.78,8.130817
8.01,8.211853
8.13,8.047793
7.99,8.260778
8.18,8.259032
7.72,8.164976
7.7,8.228665
7.69,8.098545
7.89,8.243223
7.84,8.196014
7.93,8.315774
7.81,8.402933
7.73,8.381934
7.89,8.405838
7.93,8.358979
7.96,8.421872
8.01,8.461135
8.16,8.68255
8.14,8.353636
8.01,8.488692
8.18,8.41939
8.3,8.252854
8.35,8.202781
8.13,8.402214
8.19,8.591068
8.11,8.671368
7.88,8.633021
7.82,8.620232
8.11,8.357524
8.32,8.195043
8.2,8.053006
8.27,8.241912
8.48,8.253947
7.85,8.330176
7.9,8.410556
7.64,8.547201
7.84,8.150443
8.0,7.7505727
8.29,7.996094
8.11,7.918754
8.3,8.11162
7.88,8.118315
7.64,8.233653
7.47,8.183443
7.55,8.109389
7.86,8.194273
7.92,8.221432
8.1,8.074886
7.82,8.334734
7.75,8.119773
8.0,8.1780205
7.95,8.008285
7.85,8.166654
8.05,8.307875
7.8,8.357769
7.83,8.189926
7.82,8.389033
7.83,8.508584
8.03,8.413118
8.26,8.003249
7.92,7.8176484
8.12,7.789158
8.12,7.868144
8.18,7.73868
7.65,7.7837214
7.39,7.7637177
7.34,7.8231573
7.58,7.7370205
7.51,7.7871804
7.4,7.66593
7.62,7.521847
7.7,7.042978
7.5,7.1564097
7.53,7.177054
7.36,7.1370497
7.13,7.1134095
6.98,7.0166135
6.81,7.0368323
6.95,6.928423
6.93,6.751242
6.98,7.037935
7.12,7.15783
7.02,7.2307563
6.93,7.21542
6.99,7.0642104
7.1,7.175151
7.14,7.0746946
7.11,6.891527
7.13,6.9564004
7.01,6.9568496
6.99,6.936296
7.0,6.707915
6.93,6.5407124
6.97,6.551935
6.81,6.705169
6.8,6.74063
6.71,6.6145287
6.61,6.733588
6.8,6.575026
6.9,6.5101357
6.82,6.437151
6.63,6.5379605
6.8,6.5353127
6.75,6.5302286
6.54,6.412178
6.58,6.0417886
6.73,6.4505486
6.79,6.375085
6.63,6.3543034
6.55,6.4263606
6.52,6.3605204
6.6,6.3529058
6.64,6.2863193
6.54,6.3022246
6.6,6.1438155
6.54,6.248818
6.64,5.996817
6.42,6.2293277
6.39,5.835963
6.37,5.989679
6.24,5.9490504
6.25,5.97261
6.29,5.8362103
6.29,5.7820735
6.22,5.688525
6.07,5.70594
6.13,5.710748
6.03,5.7328076
5.95,5.524857
6.0,5.8799586
5.98,5.720851
6.08,5.5956225
6.04,5.839118
6.01,6.049478
6.1,5.9795175
6.13,5.792407
6.11,5.9878407
6.25,5.9602966
6.23,5.9303594
6.22,5.9307547
6.29,6.083869
6.24,6.0947137
6.24,6.1291227
6.26,6.15268
6.32,6.1131444
6.31,6.0067186
6.36,5.9918847
6.36,6.0126123
6.42,5.9804845
6.3,6.032806
6.23,5.946597
6.31,5.9358826
6.28,6.021986
6.29,5.920544
6.28,5.920858
6.28,5.800306
6.3,6.1508226
6.31,6.2498455
6.24,5.9498854
6.3,6.1791463
6.31,6.2169394
6.41,6.2015796
6.51,6.3237653
6.41,6.696857
6.4,6.5354424
6.45,6.427561
6.47,6.474333
6.65,6.639583
6.65,6.635767
6.67,6.605239
6.66,6.647554
6.75,6.649835
6.76,6.7994537
6.78,6.725835
6.7,6.7762504
6.7,6.6717753
6.82,6.8798723
6.8,7.070406
6.84,7.1157866
6.84,7.070754
6.81,7.0758853
7.25,6.919117
7.27,6.7631307
7.32,6.8516726
7.22,6.9725122
7.2,6.907015
7.04,6.652549
7.18,6.4865165
7.17,6.600296
7.02,6.544459
7.0,6.65138
6.87,6.6517453
6.7,6.5906954
6.68,6.8075557
6.7,6.6466904
6.93,7.0412183
6.89,6.983801
7.06,6.9918237
6.98,7.0624557
7.08,7.2509146
7.14,7.3343463
7.3,7.3273463
7.31,7.526578
7.39,7.3507123
7.39,7.293653
7.45,7.3626585
7.57,7.5879407
7.35,7.3876877
7.31,7.2676744
7.3,7.3681574
7.38,7.5460777
7.85,7.223663
7.36,7.05416
7.35,7.2241116
7.42,7.280003
7.45,7.279866
7.15,7.2790866
7.21,7.1610975
7.46,7.5123696
7.55,7.3683915
7.45,7.3774333
7.33,7.260138
7.39,7.322569
7.37,6.997512
7.52,6.8403897
7.5,6.9089274
7.31,6.5439067
7.46,6.570563
7.15,6.5008297
6.84,6.78619
7.1,6.611779
6.5,6.741114
6.61,7.1742196
6.8,7.4447503
7.14,7.438083
7.1,7.42892
7.08,7.498929
7.58,6.958043
7.68,6.80121
7.72,6.8716006
7.64,6.5425277
7.46,6.491912
6.96,6.1373186
6.9,6.2950296
6.7,6.0744696
6.46,5.966384
6.55,5.9755993
6.5,5.9830394
6.5,5.874242
6.37,5.8659687
6.43,5.976577
6.34,5.6647263
6.35,5.631377
6.25,5.625312
6.12,5.791227
6.12,5.4922156
6.08,5.4674745
5.93,5.361833
5.89,5.5022388
5.86,5.5434365
5.9,5.5100036
5.85,5.63972
5.85,5.467456
5.92,5.4763913
5.9,5.623763
5.85,5.68412
6.01,5.8582687
6.05,5.789929
6.16,5.7510686
6.16,5.631223
6.15,5.8543787
6.11,5.8393993
6.16,5.903552
6.14,5.708826
6.21,5.8958025
6.24,5.90541
6.08,5.83356
6.23,5.6438265
6.24,5.712221
6.12,5.783163
6.04,5.6171494
6.18,5.529728
6.03,5.5886364
6.1,5.6592445
6.05,5.5227
5.97,5.5682726
6.02,5.5335827
6.06,5.523083
6.03,5.4577217
5.94,5.3584266
5.83,5.4811707
5.83,5.4931674
5.95,5.4558315
5.88,5.3172307
6.0,5.2463365
6.0,5.343601
6.08,5.1529856
5.71,5.041066
5.72,5.1343465
5.79,5.012468
5.72,5.0771766
5.54,4.9865246
5.5,5.0303855
5.43,5.249118
5.38,5.170762
5.54,5.107123
5.59,5.3376265
5.65,5.199363
5.73,5.3861594
5.86,5.400042
5.93,5.5544834
5.94,5.2392006
5.9,5.246973
5.8,5.2519803
5.85,5.259831
5.89,5.421555
5.86,5.35277
5.83,5.3501368
5.78,5.3195014
5.8,5.411086
5.81,5.483382
5.88,5.587897
5.88,5.317184
5.95,5.282621
5.95,5.317872
5.9,5.5182657
6.04,5.500983
6.02,5.4439893
5.89,5.458794
5.82,5.632458
5.9,5.4444866
5.91,5.621532
5.88,5.624315
6.07,5.702595
6.22,5.673513
6.18,5.7735105
6.23,5.6440315
6.15,6.213019
6.22,6.36748
6.2,6.4159904
6.35,6.4871025
6.42,6.489002
6.6,6.7908278
6.57,6.737338
6.65,6.7110734
6.59,6.426167
6.55,6.492072
6.5,6.559402
6.5,6.4873896
6.45,6.5477524
6.41,6.3753505
6.48,6.46863
6.57,6.3627205
6.6,6.239638
6.54,6.187257
6.42,6.1743903
6.4,6.2534757
6.4,6.1819963
6.5,6.1726937
6.5,6.2973175
6.47,6.278116
6.51,6.2417283
6.58,6.3700275
6.5,6.505347
6.6,6.29442
6.6,6.398293
6.62,6.576255
6.6,6.5602403
6.6,6.5528097
6.62,6.492986
6.67,6.5434613
6.72,6.693839
6.66,6.654603
6.75,6.666002
6.73,6.7639513
6.75,6.673242
6.78,6.6307826
6.79,6.621971
6.76,6.7782874
6.72,6.621843
6.77,6.5823174
6.76,6.7022767
6.88,6.8209076
6.9,6.8021836
6.88,6.6733055
6.9,6.6071434
6.88,6.9609795
7.03,6.6891103
6.99,6.6393194
6.94,6.6392703
6.98,6.6775517
7.02,6.7391806
7.01,6.5374565
7.0,6.576404
6.86,6.623137
6.88,6.5803657
6.88,6.4824038
6.92,6.4619884
6.81,6.708202
6.84,6.6773505
6.81,6.5434566
6.85,6.6217394
6.9,6.6751847
6.93,6.7803164
6.83,6.6188383
6.88,6.8039293
6.83,6.8209124
6.89,6.749678
6.91,6.8663673
6.92,7.0075183
6.93,6.986607
7.04,6.9559283
6.9,7.0005956
6.86,6.884137
6.9,6.923658
7.0,7.072381
7.05,6.9659796
7.0,6.931471
6.93,6.845694
6.91,7.0456686
7.03,6.9479194
7.03,7.0709114
7.02,7.2190466
7.12,7.245896
7.16,7.1478806
7.13,7.0957866
7.12,7.4133186
7.2,7.342609
7.21,7.186572
7.14,7.145169
7.31,7.3384113
7.31,6.7062993
7.24,6.587389
7.19,6.681345
7.35,6.441771
7.35,6.2807436
6.51,6.420581
6.5,6.353709
6.58,6.6183
6.48,6.214104
6.5,6.550469
6.45,6.3552217
6.51,6.2620015
6.72,6.277275
6.69,6.1140995
6.65,6.1335893
6.51,6.3016357
6.3,6.360507
6.4,6.1190715
6.37,6.315803
6.4,6.2392073
6.5,6.5710716
6.56,6.7448297
6.7,6.7391744
6.66,6.8438487
6.66,6.6320076
6.72,6.537397
6.7,6.6849494
6.78,6.8692904
6.73,6.970544
6.71,7.0246844
6.63,6.9121428
6.81,6.8912654
6.91,6.9748597
6.92,7.012467
7.01,7.0089917
7.06,7.073692
7.06,6.92663
7.12,6.8217006
7.12,7.091425
7.08,7.113322
7.02,7.1755095
7.02,6.8701453
7.09,7.071927
7.02,7.159068
7.02,7.3156834
7.1,7.1916656
7.08,7.279866
7.15,7.251072
7.25,6.901885
7.23,7.054033
7.31,7.046395
7.16,6.3953896
7.1,6.917318
7.02,6.8346434
7.18,7.0482407
6.9,7.113398
6.9,7.048201
7.03,7.205769
6.98,7.37001
7.17,7.0675416
7.28,7.2517157
7.17,7.2425923
7.3,7.346667
7.28,7.5833764
7.38,7.628344
7.44,7.6899376
7.4,7.4865985
7.4,7.428618
7.5,7.7845817
7.6,7.791293
7.23,7.511892
7.3,7.4752526
7.57,7.548592
7.54,7.5559583
7.41,7.577051
7.29,7.4597764
7.2,7.3579664
7.23,7.642987
7.1,7.1552167
7.25,7.3319726
7.25,7.419698
7.2,7.579902
7.2,7.520911
7.13,7.04664
7.0,7.1684685
7.18,7.063657
7.15,6.9604225
7.02,7.181432
7.18,6.957472
6.95,6.625811
6.86,6.875322
6.57,6.697132
6.95,6.6713305
6.82,6.85714
6.75,6.8135595
6.3,6.956796
6.23,6.9345274
6.52,7.5289397
6.5,7.732168
6.7,7.871041
6.65,7.778875
6.8,8.02154
6.88,8.11794
7.03,8.11984
6.88,8.060033
6.9,7.9934745
6.9,8.079434
6.88,8.187672
7.0,8.190935
7.05,8.102235
6.93,7.968602
7.02,8.223454
6.93,8.276188
6.88,8.220616
7.0,8.096935
7.0,7.8469167
7.07,7.9742384
7.22,8.247527
7.08,8.31636
7.07,8.342326
7.05,8.324869
7.22,8.106978
7.24,7.8322215
7.32,8.180684
7.36,8.103662
7.45,8.145016
7.31,7.984808
7.33,8.02336
7.31,7.9172397
7.23,7.918347
7.2,7.8381076
7.29,7.867682
7.26,7.9232697
7.23,7.7424827
7.19,7.649383
7.21,8.108898
7.2,7.602158
7.19,7.638274
7.13,7.682638
7.08,7.613639
7.48,7.66733
7.0,7.2336397
7.08,7.5598497
6.9,7.6593466
6.96,7.8529606
6.96,8.077424
6.8,7.77246
7.22,7.8071804
7.27,7.9139433
7.38,7.9292517
7.41,7.944677
7.4,7.9525995
7.38,7.761118
7.5,7.6833806
7.4,7.6869197
7.46,8.013645
7.5,7.765428
7.25,7.5226564
6.92,7.687353
7.0,7.5911183
7.14,7.5710034
7.17,7.6315413
7.2,7.4934063
7.08,7.5065975
6.89,7.4303946
7.08,7.0566187
7.13,7.560584
7.01,7.610423
7.05,7.4510407
6.89,7.437999
6.85,7.366002
7.05,7.1507945
7.08,7.156651
7.01,7.3022857
6.95,7.084615
6.85,7.3378124
6.78,7.2231865
6.68,7.0767713
6.85,7.198024
6.88,7.0903945
6.93,7.4898586
6.9,7.5029235
7.0,7.407083
6.81,7.4482317
7.0,7.792375
7.12,7.875991
7.15,7.6629667
6.95,7.685154
6.99,7.6210546
7.06,7.993579
7.1,7.8818073
7.13,7.9179454
7.0,8.042267
7.15,7.785867
7.33,7.8033094
7.2,7.615721
7.33,7.6692605
7.5,7.7090707
7.12,7.7833247
7.0,7.580085
7.07,7.4714646
7.05,7.405616
7.2,7.2793283
7.2,7.5522556
7.12,7.207441
7.02,7.698236
7.0,7.3718095
6.86,7.4087887
7.05,7.56829
7.08,7.921686
7.15,7.818559
6.88,8.122593
6.95,8.224561
7.35,8.126176
7.57,8.402223
7.66,8.2605715
7.7,8.244519
7.8,8.29429
7.9,8.378694
7.81,8.34501
7.73,8.098223
7.71,8.497662
7.75,8.549632
7.87,8.480024
7.87,8.511221
7.88,8.39958
8.04,8.496668
8.0,8.566891
7.9,8.528568
7.92,8.49311
8.01,8.524932
8.06,8.606915
8.02,8.66606
8.05,8.502281
8.08,8.467287
8.2,8.469714
8.2,8.454337
8.3,8.550042
8.1,8.451266
8.05,8.371207
8.1,8.465957
7.99,8.218278
8.2,8.383786
8.03,8.289647
7.94,8.490646
7.92,8.443413
7.93,8.337273
7.9,8.318071
7.95,8.319462
8.07,8.421985
7.96,8.367519
7.84,8.268076
7.9,8.351639
7.9,8.282895
7.95,8.218223
7.82,8.458464
7.75,8.441166
7.85,8.24887
7.82,8.450819
7.93,8.428964
8.06,8.619264
8.05,8.338608
8.09,8.470904
8.1,8.404447
8.2,8.460083
8.25,8.510615
8.1,8.498799
8.07,8.233619
8.08,8.39844
8.16,8.449482
8.2,8.475106
8.12,8.507654
8.0,8.714009
8.15,8.915208
8.3,8.952285
8.25,8.8218775
8.35,8.910404
8.55,8.937793
8.62,8.969647
8.71,8.9156885
8.8,8.942901
8.7,8.77309
8.64,8.939142
8.75,8.853519
8.7,9.008891
8.68,8.985971
8.6,9.059645
8.68,8.748454
8.55,9.051404
8.7,9.082034
8.78,8.850769
8.85,8.70226
8.74,8.809765
8.85,8.846153
8.89,8.706215
8.5,8.790292
8.19,8.677872
8.4,8.626711
8.4,8.740931
8.27,8.831863
8.36,8.75597
8.2,8.766458
8.2,8.772219
8.3,9.422949
8.2,9.35739
8.2,9.499282
8.32,9.645987
8.45,9.534944
8.35,9.410016
8.2,9.5839205
8.27,9.331339
8.32,9.347507
8.22,9.077964
8.3,9.62605
8.3,9.627395
8.09,9.768899
7.77,9.48799
7.74,9.201229
7.89,9.241199
8.0,9.402297
7.92,9.564852
7.9,9.1846895
7.9,9.385868
7.95,9.327081
8.04,9.170157
7.94,9.039312
7.8,9.114594
8.02,9.122429
8.1,9.002498
7.88,8.662448
8.1,8.822626
8.05,9.001863
8.03,9.233517
7.85,9.211402
7.5,9.155602
7.78,8.852562
7.77,8.815881
7.8,8.6745825
7.82,8.724881
7.85,8.504233
7.75,8.279879
7.5,8.067977
7.55,8.3425045
7.55,8.2593775
7.28,8.186262
7.2,8.123534
7.18,8.183384
7.25,7.9850893
7.28,8.1467085
7.25,8.095406
7.32,8.142429
7.28,8.240569
7.18,8.214001
7.2,8.331159
7.22,8.344849
7.29,8.038092
7.33,8.242209
7.37,8.491319
7.4,8.624733
7.5,8.562462
7.4,8.402501
7.4,8.302703
7.6,8.410469
7.57,8.195793
7.53,7.992258
7.53,8.331723
7.31,8.231391
7.36,8.501402
7.3,8.5773325
7.2,8.568151
7.6,8.388719
7.63,8.290086
7.56,8.652658
7.81,8.57615
7.64,8.406449
7.6,8.382514
7.5,8.144276
7.66,8.290913
7.64,8.25024
7.56,8.184968
7.56,7.9923124
7.42,7.935141
7.39,7.991668
7.29,8.095045
7.27,8.295259
7.28,8.589468
7.33,8.5499525
7.32,8.242684
7.29,8.13777
7.48,8.012242
7.5,7.919098
7.42,7.6641555
7.4,7.5583835
7.4,7.410386
7.07,7.3591547
6.82,7.6157956
6.75,7.598467
6.65,7.5742316
6.54,7.437835
6.59,7.61983
6.64,7.3754525
6.7,7.553469
6.82,7.5261827
6.7,7.6835766
6.69,7.562817
6.6,7.5996227
6.78,7.365688
6.57,7.5100675
6.46,7.5761037
6.58,7.67504
6.65,7.8545914
6.75,7.8358917
6.62,7.702124
6.82,7.760233
6.96,7.5696425
7.0,7.7522583
7.13,7.5473423
7.05,7.618546
6.94,7.8051095
6.98,7.880098
7.0,7.6939373
6.82,7.980408
7.0,8.333268
7.28,8.424197
7.2,8.3416195
7.36,8.318686
7.6,8.237152
7.9,8.323559
7.88,8.516781
7.95,8.64707
7.71,8.616055
7.7,8.621477
7.8,8.570454
8.12,8.506758
8.0,8.400609
7.98,8.3046
8.05,8.242956
8.15,8.638899
8.0,8.480329
7.85,8.499168
7.69,8.747579
7.85,8.863147
8.0,8.800903
7.95,8.79247
7.82,8.562751
8.18,8.432267
8.2,8.445916
8.06,8.81112
8.15,8.766686
7.99,8.839055
7.61,8.318663
7.7,8.435813
7.7,8.601779
7.6,8.277305
7.5,8.321652
7.55,8.355134
7.47,8.654264
7.56,8.289773
7.45,8.379546
7.5,8.138239
7.5,7.721874
7.9,8.00838
7.58,7.9560084
7.8,7.88297
7.3,7.798412
7.22,7.6746974
7.22,7.640907
7.21,7.8809366
7.25,7.6660185
7.07,7.6482754
6.9,7.5240035
7.08,7.415644
7.15,7.189721
6.96,7.3005786
6.82,7.3466353
6.65,7.404794
6.7,7.268819
6.63,7.5413756
6.75,7.3141556
6.7,7.13399
6.9,7.4328995
6.94,7.292294
6.85,7.1801987
6.69,7.306533
6.62,7.7237864
6.8,7.8000364
6.74,7.9297338
6.81,7.5030017
6.91,7.824317
7.48,7.992694
7.29,7.6778903
7.35,7.3752747
7.0,7.378478
7.38,7.191773
7.58,6.826433
6.9,6.697651
6.6,6.247098
6.6,6.0638895
6.45,6.2412467
6.38,6.013725
5.85,6.2528486
5.9,6.42155
5.75,6.4674354
5.9,6.2698364
5.91,6.628434
6.1,6.7923446
6.33,6.7221804
6.53,6.4263806
6.4,6.569632
6.44,6.7559843
6.45,6.642483
6.46,6.786175
6.33,6.5901136
6.4,6.5971313
6.52,6.8036118
6.5,6.5583806
6.6,6.6290636
6.45,6.66063
6.65,6.731729
6.75,6.3768806
6.46,6.6876035
6.4,6.6362934
6.68,6.620547
6.68,6.5640225
6.55,6.358434
6.4,6.1439166
6.5,6.2377076
6.5,5.9176183
6.3,6.065451
6.2,5.7249575
6.17,6.0244117
6.3,6.0523367
6.15,5.9682045
5.91,5.8436046
6.06,5.6980996
5.99,5.952361
6.06,5.8228464
6.14,5.7296915
5.8,5.5060806
5.65,5.727569
5.99,5.965065
5.81,6.107482
5.9,5.975167
5.8,6.159994
6.25,6.1630726
6.26,6.399784
6.36,6.542821
6.2,7.240087
6.3,6.650435
6.24,6.3295665
6.38,5.767691
6.64,5.917866
7.3,5.773968
6.5,5.655545
5.64,5.5452547
5.41,5.3314066
5.5,5.197049
5.8,5.3178024
5.45,5.1271596
5.6,4.7643776
5.35,4.961957
5.3,4.9608364
5.58,4.9003406
5.2,4.805878
5.08,4.815977
5.21,4.8215485
5.2,4.78735
5.09,4.727552
5.02,4.8681817
5.14,4.8230724
5.21,4.829987
5.15,4.78163
5.09,5.2639847
5.06,5.13228
5.28,5.0808744
